-- phpMyAdmin SQL Dump
-- version 5.2.1
-- https://www.phpmyadmin.net/
--
-- Servidor: 127.0.0.1
-- Tiempo de generación: 24-05-2025 a las 02:32:59
-- Versión del servidor: 10.4.32-MariaDB
-- Versión de PHP: 8.2.12

SET SQL_MODE = "NO_AUTO_VALUE_ON_ZERO";
START TRANSACTION;
SET time_zone = "+00:00";


/*!40101 SET @OLD_CHARACTER_SET_CLIENT=@@CHARACTER_SET_CLIENT */;
/*!40101 SET @OLD_CHARACTER_SET_RESULTS=@@CHARACTER_SET_RESULTS */;
/*!40101 SET @OLD_COLLATION_CONNECTION=@@COLLATION_CONNECTION */;
/*!40101 SET NAMES utf8mb4 */;

--
-- Base de datos: `u573036680_escalera`
--
CREATE DATABASE IF NOT EXISTS `u573036680_escalera` DEFAULT CHARACTER SET utf8mb4 COLLATE utf8mb4_general_ci;
USE `u573036680_escalera`;

-- --------------------------------------------------------

--
-- Estructura de tabla para la tabla `cuestionario`
--

CREATE TABLE `cuestionario` (
  `uid` varchar(36) NOT NULL,
  `Pregunta_1` varchar(1) NOT NULL,
  `Pregunta_2` varchar(1) NOT NULL,
  `Pregunta_3` varchar(1) NOT NULL,
  `Pregunta_4` varchar(1) NOT NULL,
  `Pregunta_5` varchar(1) NOT NULL,
  `Pregunta_6` varchar(1) NOT NULL,
  `id_nodo` int(16) NOT NULL
) ENGINE=InnoDB DEFAULT CHARSET=utf8mb4 COLLATE=utf8mb4_unicode_ci;

--
-- Volcado de datos para la tabla `cuestionario`
--

INSERT INTO `cuestionario` (`uid`, `Pregunta_1`, `Pregunta_2`, `Pregunta_3`, `Pregunta_4`, `Pregunta_5`, `Pregunta_6`, `id_nodo`) VALUES
('67fc16a6b6d5c', '2', '2', '2', '1', '3', '3', 6),
('67fc1a847b116', '2', '3', '3', '2', '1', '2', 7),
('67fc1f5e338b1', '2', '3', '3', '1', '3', '3', 8),
('6831091ee5317', '2', '2', '2', '2', '1', '1', 9);

-- --------------------------------------------------------

--
-- Estructura de tabla para la tabla `jugadores`
--

CREATE TABLE `jugadores` (
  `fecha_registro` timestamp NOT NULL DEFAULT current_timestamp() ON UPDATE current_timestamp(),
  `uid` varchar(15) NOT NULL,
  `nombre` varchar(4) NOT NULL,
  `correo` varchar(35) NOT NULL,
  `edad` int(2) NOT NULL,
  `pais` varchar(60) NOT NULL,
  `institucion` varchar(50) NOT NULL
) ENGINE=InnoDB DEFAULT CHARSET=utf8mb4 COLLATE=utf8mb4_unicode_ci;

--
-- Volcado de datos para la tabla `jugadores`
--

INSERT INTO `jugadores` (`fecha_registro`, `uid`, `nombre`, `correo`, `edad`, `pais`, `institucion`) VALUES
('2025-04-13 19:55:18', '67fc16a6b6d5c', 'Prue', 'quilesxasterin8@gmail.com', 18, 'COLOMBIA', 'Universidad distrital'),
('2025-04-13 20:10:51', '67fc1a4bc3b52', 'Quil', 'quilesxasterin8@gmail.com', 21, 'COLOMBIA', 'Universidad Distrital'),
('2025-04-13 20:11:48', '67fc1a847b116', 'QUIL', 'quilesxasterin8@gmail.com', 21, 'COLOMBIA', 'Universidad distrital'),
('2025-04-13 20:32:30', '67fc1f5e338b1', 'QUIL', 'quilesxasterin8@gmail.com', 21, 'COLOMBIA', 'Universidad distrital'),
('2025-05-23 23:47:42', '6831091ee5317', 'dqw', 'qweqwe@gasdf.com', 21, 'COLOMBIA', 'ud');

-- --------------------------------------------------------

--
-- Estructura de tabla para la tabla `movimientos`
--

CREATE TABLE `movimientos` (
  `id` varchar(36) NOT NULL,
  `fecha_hora` timestamp NOT NULL DEFAULT current_timestamp() ON UPDATE current_timestamp(),
  `intento` int(3) NOT NULL,
  `movimiento` int(3) NOT NULL,
  `trayectoria` varchar(25) NOT NULL
) ENGINE=InnoDB DEFAULT CHARSET=utf8mb4 COLLATE=utf8mb4_unicode_ci;

--
-- Volcado de datos para la tabla `movimientos`
--

INSERT INTO `movimientos` (`id`, `fecha_hora`, `intento`, `movimiento`, `trayectoria`) VALUES
('67fc16a6b6d5c', '2025-04-13 19:55:32', 1, 1, '1,2,3,4,0,5,6,7,8,9,10'),
('67fc16a6b6d5c', '2025-04-13 19:55:33', 1, 2, '1,2,3,0,4,5,6,7,8,9,10'),
('67fc16a6b6d5c', '2025-04-13 19:55:36', 2, 0, '1,2,3,4,5,0,6,7,8,9,10'),
('67fc16a6b6d5c', '2025-04-13 19:55:38', 2, 0, '1,2,3,4,5,0,6,7,8,9,10'),
('67fc16a6b6d5c', '2025-04-13 20:00:22', 1, 0, '1,2,3,4,5,0,6,7,8,9,10'),
('67fc16a6b6d5c', '2025-04-13 20:00:24', 1, 0, '1,2,3,4,5,0,6,7,8,9,10'),
('67fc16a6b6d5c', '2025-04-13 20:00:24', 1, 0, '1,2,3,4,5,0,6,7,8,9,10'),
('67fc16a6b6d5c', '2025-04-13 20:02:21', 1, 0, '1,2,3,4,5,0,6,7,8,9,10'),
('67fc16a6b6d5c', '2025-04-13 20:02:22', 1, 0, '1,2,3,4,5,0,6,7,8,9,10'),
('67fc16a6b6d5c', '2025-04-13 20:02:50', 1, 0, '1,2,3,4,5,0,6,7,8,9,10'),
('67fc16a6b6d5c', '2025-04-13 20:03:23', 1, 0, '1,2,3,4,5,0,6,7,8,9,10'),
('67fc16a6b6d5c', '2025-04-13 20:03:24', 1, 0, '1,2,3,4,5,0,6,7,8,9,10'),
('67fc16a6b6d5c', '2025-04-13 20:03:25', 1, 0, '1,2,3,4,5,0,6,7,8,9,10'),
('67fc16a6b6d5c', '2025-04-13 20:03:25', 1, 0, '1,2,3,4,5,0,6,7,8,9,10'),
('67fc16a6b6d5c', '2025-04-13 20:06:58', 1, 0, '1,2,3,4,5,0,6,7,8,9,10'),
('67fc16a6b6d5c', '2025-04-13 20:06:58', 1, 0, '1,2,3,4,5,0,6,7,8,9,10'),
('67fc16a6b6d5c', '2025-04-13 20:06:58', 1, 0, '1,2,3,4,5,0,6,7,8,9,10'),
('67fc16a6b6d5c', '2025-04-13 20:07:12', 1, 0, '1,2,3,4,5,0,6,7,8,9,10'),
('67fc1a847b116', '2025-04-13 20:12:03', 1, 0, '1,2,3,4,5,0,6,7,8,9,10'),
('67fc1a847b116', '2025-04-13 20:12:14', 1, 1, '1,2,3,4,0,5,6,7,8,9,10'),
('67fc1a847b116', '2025-04-13 20:12:16', 1, 2, '1,2,3,4,6,5,0,7,8,9,10'),
('67fc1a847b116', '2025-04-13 20:12:16', 1, 3, '1,2,3,4,6,0,5,7,8,9,10'),
('67fc1a847b116', '2025-04-13 20:12:17', 1, 4, '1,2,3,0,6,4,5,7,8,9,10'),
('67fc1a847b116', '2025-04-13 20:12:18', 1, 5, '1,2,3,6,0,4,5,7,8,9,10'),
('67fc1a847b116', '2025-04-13 20:12:18', 1, 6, '1,2,0,6,3,4,5,7,8,9,10'),
('67fc1a847b116', '2025-04-13 20:12:19', 1, 7, '1,2,6,0,3,4,5,7,8,9,10'),
('67fc1a847b116', '2025-04-13 20:12:19', 1, 8, '1,0,6,2,3,4,5,7,8,9,10'),
('67fc1a847b116', '2025-04-13 20:12:20', 1, 9, '1,6,0,2,3,4,5,7,8,9,10'),
('67fc1a847b116', '2025-04-13 20:12:20', 1, 10, '0,6,1,2,3,4,5,7,8,9,10'),
('67fc1a847b116', '2025-04-13 20:12:21', 1, 11, '6,0,1,2,3,4,5,7,8,9,10'),
('67fc1a847b116', '2025-04-13 20:12:22', 1, 12, '6,1,0,2,3,4,5,7,8,9,10'),
('67fc1a847b116', '2025-04-13 20:12:23', 1, 13, '6,1,2,0,3,4,5,7,8,9,10'),
('67fc1a847b116', '2025-04-13 20:12:23', 1, 14, '6,1,2,3,0,4,5,7,8,9,10'),
('67fc1a847b116', '2025-04-13 20:12:23', 1, 15, '6,1,2,3,4,0,5,7,8,9,10'),
('67fc1a847b116', '2025-04-13 20:12:24', 1, 16, '6,1,2,3,4,5,0,7,8,9,10'),
('67fc1a847b116', '2025-04-13 20:12:24', 1, 17, '6,1,2,3,4,5,7,0,8,9,10'),
('67fc1a847b116', '2025-04-13 20:12:25', 1, 18, '6,1,2,3,4,0,7,5,8,9,10'),
('67fc1a847b116', '2025-04-13 20:12:26', 1, 19, '6,1,2,3,4,7,0,5,8,9,10'),
('67fc1a847b116', '2025-04-13 20:12:26', 1, 20, '6,1,2,3,0,7,4,5,8,9,10'),
('67fc1a847b116', '2025-04-13 20:12:26', 1, 21, '6,1,2,3,7,0,4,5,8,9,10'),
('67fc1a847b116', '2025-04-13 20:12:27', 1, 22, '6,1,2,0,7,3,4,5,8,9,10'),
('67fc1a847b116', '2025-04-13 20:12:27', 1, 23, '6,1,2,7,0,3,4,5,8,9,10'),
('67fc1a847b116', '2025-04-13 20:12:28', 1, 24, '6,1,0,7,2,3,4,5,8,9,10'),
('67fc1a847b116', '2025-04-13 20:12:28', 1, 25, '6,1,7,0,2,3,4,5,8,9,10'),
('67fc1a847b116', '2025-04-13 20:12:28', 1, 26, '6,0,7,1,2,3,4,5,8,9,10'),
('67fc1a847b116', '2025-04-13 20:12:29', 1, 27, '6,7,0,1,2,3,4,5,8,9,10'),
('67fc1a847b116', '2025-04-13 20:12:29', 1, 28, '6,7,1,0,2,3,4,5,8,9,10'),
('67fc1a847b116', '2025-04-13 20:12:29', 1, 29, '6,7,1,2,0,3,4,5,8,9,10'),
('67fc1a847b116', '2025-04-13 20:12:30', 1, 30, '6,7,1,2,3,0,4,5,8,9,10'),
('67fc1a847b116', '2025-04-13 20:12:30', 1, 31, '6,7,1,2,3,4,0,5,8,9,10'),
('67fc1a847b116', '2025-04-13 20:12:30', 1, 32, '6,7,1,2,3,4,5,0,8,9,10'),
('67fc1a847b116', '2025-04-13 20:12:31', 1, 33, '6,7,1,2,3,4,5,8,0,9,10'),
('67fc1a847b116', '2025-04-13 20:12:31', 1, 33, '6,7,1,2,3,4,5,8,0,9,10'),
('67fc1a847b116', '2025-04-13 20:12:32', 1, 34, '6,7,1,2,3,4,0,8,5,9,10'),
('67fc1a847b116', '2025-04-13 20:12:32', 1, 35, '6,7,1,2,3,4,8,0,5,9,10'),
('67fc1a847b116', '2025-04-13 20:12:33', 1, 36, '6,7,1,2,3,0,8,4,5,9,10'),
('67fc1a847b116', '2025-04-13 20:12:33', 1, 37, '6,7,1,2,3,8,0,4,5,9,10'),
('67fc1a847b116', '2025-04-13 20:12:34', 1, 38, '6,7,1,2,0,8,3,4,5,9,10'),
('67fc1a847b116', '2025-04-13 20:12:34', 1, 39, '6,7,1,2,8,0,3,4,5,9,10'),
('67fc1a847b116', '2025-04-13 20:12:34', 1, 39, '6,7,1,2,8,0,3,4,5,9,10'),
('67fc1a847b116', '2025-04-13 20:12:35', 1, 40, '6,7,1,0,8,2,3,4,5,9,10'),
('67fc1a847b116', '2025-04-13 20:12:35', 1, 41, '6,7,1,8,0,2,3,4,5,9,10'),
('67fc1a847b116', '2025-04-13 20:12:36', 1, 42, '6,7,0,8,1,2,3,4,5,9,10'),
('67fc1a847b116', '2025-04-13 20:12:36', 1, 43, '6,7,8,0,1,2,3,4,5,9,10'),
('67fc1a847b116', '2025-04-13 20:12:36', 1, 44, '6,7,8,1,0,2,3,4,5,9,10'),
('67fc1a847b116', '2025-04-13 20:12:37', 1, 45, '6,7,8,1,2,0,3,4,5,9,10'),
('67fc1a847b116', '2025-04-13 20:12:37', 1, 46, '6,7,8,1,2,3,0,4,5,9,10'),
('67fc1a847b116', '2025-04-13 20:12:37', 1, 47, '6,7,8,1,2,3,4,0,5,9,10'),
('67fc1a847b116', '2025-04-13 20:12:38', 1, 48, '6,7,8,1,2,3,4,5,0,9,10'),
('67fc1a847b116', '2025-04-13 20:12:38', 1, 49, '6,7,8,1,2,3,4,5,9,0,10'),
('67fc1a847b116', '2025-04-13 20:12:39', 1, 50, '6,7,8,1,2,3,4,0,9,5,10'),
('67fc1a847b116', '2025-04-13 20:12:39', 1, 51, '6,7,8,1,2,3,4,9,0,5,10'),
('67fc1a847b116', '2025-04-13 20:12:39', 1, 52, '6,7,8,1,2,3,0,9,4,5,10'),
('67fc1a847b116', '2025-04-13 20:12:39', 1, 53, '6,7,8,1,2,3,9,0,4,5,10'),
('67fc1a847b116', '2025-04-13 20:12:40', 1, 54, '6,7,8,1,2,0,9,3,4,5,10'),
('67fc1a847b116', '2025-04-13 20:12:40', 1, 55, '6,7,8,1,2,9,0,3,4,5,10'),
('67fc1a847b116', '2025-04-13 20:12:41', 1, 56, '6,7,8,1,0,9,2,3,4,5,10'),
('67fc1a847b116', '2025-04-13 20:12:41', 1, 57, '6,7,8,1,9,0,2,3,4,5,10'),
('67fc1a847b116', '2025-04-13 20:12:41', 1, 58, '6,7,8,0,9,1,2,3,4,5,10'),
('67fc1a847b116', '2025-04-13 20:12:42', 1, 59, '6,7,8,9,0,1,2,3,4,5,10'),
('67fc1a847b116', '2025-04-13 20:12:42', 1, 60, '6,7,8,9,1,0,2,3,4,5,10'),
('67fc1a847b116', '2025-04-13 20:12:43', 1, 61, '6,7,8,9,1,2,0,3,4,5,10'),
('67fc1a847b116', '2025-04-13 20:12:43', 1, 62, '6,7,8,9,1,2,3,0,4,5,10'),
('67fc1a847b116', '2025-04-13 20:12:43', 1, 63, '6,7,8,9,1,2,3,4,0,5,10'),
('67fc1a847b116', '2025-04-13 20:12:44', 1, 64, '6,7,8,9,1,2,3,4,5,0,10'),
('67fc1a847b116', '2025-04-13 20:12:44', 1, 65, '6,7,8,9,1,2,3,4,5,10,0'),
('67fc1a847b116', '2025-04-13 20:12:45', 1, 66, '6,7,8,9,1,2,3,4,0,10,5'),
('67fc1a847b116', '2025-04-13 20:12:45', 1, 67, '6,7,8,9,1,2,3,4,10,0,5'),
('67fc1a847b116', '2025-04-13 20:12:45', 1, 68, '6,7,8,9,1,2,3,0,10,4,5'),
('67fc1a847b116', '2025-04-13 20:12:46', 1, 69, '6,7,8,9,1,2,3,10,0,4,5'),
('67fc1a847b116', '2025-04-13 20:12:46', 1, 69, '6,7,8,9,1,2,3,10,0,4,5'),
('67fc1a847b116', '2025-04-13 20:12:46', 1, 70, '6,7,8,9,1,2,0,10,3,4,5'),
('67fc1a847b116', '2025-04-13 20:12:47', 1, 71, '6,7,8,9,1,2,10,0,3,4,5'),
('67fc1a847b116', '2025-04-13 20:12:47', 1, 71, '6,7,8,9,1,2,10,0,3,4,5'),
('67fc1a847b116', '2025-04-13 20:12:48', 1, 72, '6,7,8,9,1,0,10,2,3,4,5'),
('67fc1a847b116', '2025-04-13 20:12:48', 1, 73, '6,7,8,9,1,10,0,2,3,4,5'),
('67fc1a847b116', '2025-04-13 20:12:48', 1, 74, '6,7,8,9,0,10,1,2,3,4,5'),
('67fc1a847b116', '2025-04-13 20:12:48', 1, 75, '6,7,8,9,10,0,1,2,3,4,5'),
('67fc1a847b116', '2025-04-13 20:12:52', 2, 0, '1,2,3,4,5,0,6,7,8,9,10'),
('67fc1a847b116', '2025-04-13 20:21:47', 1, 0, '1,2,3,4,5,0,6,7,8,9,10'),
('67fc1a847b116', '2025-04-13 20:21:48', 1, 0, '1,2,3,4,5,0,6,7,8,9,10'),
('67fc1a847b116', '2025-04-13 20:25:12', 1, 0, '1,2,3,4,5,0,6,7,8,9,10'),
('67fc1a847b116', '2025-04-13 20:27:55', 1, 0, '1,2,3,4,5,0,6,7,8,9,10'),
('67fc1f5e338b1', '2025-04-13 20:32:41', 1, 1, '1,2,3,4,0,5,6,7,8,9,10'),
('67fc1f5e338b1', '2025-04-13 20:32:42', 1, 2, '1,2,3,0,4,5,6,7,8,9,10'),
('67fc1f5e338b1', '2025-04-13 20:32:43', 1, 3, '1,2,0,3,4,5,6,7,8,9,10'),
('67fc1f5e338b1', '2025-04-13 20:32:44', 1, 4, '1,0,2,3,4,5,6,7,8,9,10'),
('67fc1f5e338b1', '2025-04-13 20:32:44', 1, 5, '0,1,2,3,4,5,6,7,8,9,10'),
('67fc1f5e338b1', '2025-04-13 20:32:46', 1, 5, '0,1,2,3,4,5,6,7,8,9,10'),
('6831091ee5317', '2025-05-23 23:48:08', 1, 0, '1,2,3,4,5,0,6,7,8,9,10');

-- --------------------------------------------------------

--
-- Estructura de tabla para la tabla `nodos`
--

CREATE TABLE `nodos` (
  `id_nodo` int(11) NOT NULL,
  `tipo` varchar(50) NOT NULL,
  `descripcion` text NOT NULL
) ENGINE=InnoDB DEFAULT CHARSET=utf8mb4 COLLATE=utf8mb4_unicode_ci;

--
-- Volcado de datos para la tabla `nodos`
--

INSERT INTO `nodos` (`id_nodo`, `tipo`, `descripcion`) VALUES
(6, 'jugador', 'Nodo creado para el jugador 67fc16a6b6d5c'),
(7, 'jugador', 'Nodo creado para el jugador 67fc1a847b116'),
(8, 'jugador', 'Nodo creado para el jugador 67fc1f5e338b1'),
(9, 'jugador', 'Nodo creado para el jugador 6831091ee5317');

--
-- Índices para tablas volcadas
--

--
-- Indices de la tabla `cuestionario`
--
ALTER TABLE `cuestionario`
  ADD PRIMARY KEY (`uid`),
  ADD KEY `id_nodo` (`id_nodo`);

--
-- Indices de la tabla `jugadores`
--
ALTER TABLE `jugadores`
  ADD PRIMARY KEY (`uid`);

--
-- Indices de la tabla `nodos`
--
ALTER TABLE `nodos`
  ADD PRIMARY KEY (`id_nodo`);

--
-- AUTO_INCREMENT de las tablas volcadas
--

--
-- AUTO_INCREMENT de la tabla `nodos`
--
ALTER TABLE `nodos`
  MODIFY `id_nodo` int(11) NOT NULL AUTO_INCREMENT, AUTO_INCREMENT=10;

--
-- Restricciones para tablas volcadas
--

--
-- Filtros para la tabla `cuestionario`
--
ALTER TABLE `cuestionario`
  ADD CONSTRAINT `cuestionario_ibfk_1` FOREIGN KEY (`id_nodo`) REFERENCES `nodos` (`id_nodo`) ON DELETE CASCADE ON UPDATE CASCADE;
COMMIT;

/*!40101 SET CHARACTER_SET_CLIENT=@OLD_CHARACTER_SET_CLIENT */;
/*!40101 SET CHARACTER_SET_RESULTS=@OLD_CHARACTER_SET_RESULTS */;
/*!40101 SET COLLATION_CONNECTION=@OLD_COLLATION_CONNECTION */;
