1,"2023-11-09 19:30:35",64065e6b3eab3,"1,2,3,4,5,6,7,8,9,0,0,12,13,14,15,16,17,18,19,20"
2,"2023-11-09 19:30:35",64065e6b3eab3,"1,2,3,4,5,6,7,8,0,9,0,12,13,14,15,16,17,18,19,20"
3,"2023-11-09 19:30:35",64065e6b3eab3,"1,2,3,4,5,6,7,8,0,0,9,12,13,14,15,16,17,18,19,20"
4,"2023-11-09 19:30:35",64065e6b3eab3,"0,0,3,4,1,2,7,8,5,6,9,12,13,14,15,16,17,18,19,20"
5,"2023-11-09 19:30:35",64065e6b3eab3,"3,4,0,0,1,2,7,8,5,6,9,12,13,14,15,16,17,18,19,20"
6,"2023-11-09 19:30:35",640660c194b3b,"1,2,3,4,5,6,7,8,9,0,0,12,13,14,15,16,17,18,19,20"
7,"2023-11-09 19:30:35",640660c194b3b,"1,2,3,4,5,6,7,8,0,9,0,12,13,14,15,16,17,18,19,20"
8,"2023-11-09 19:30:35",640660c194b3b,"1,2,3,4,5,6,7,8,0,0,9,12,13,14,15,16,17,18,19,20"
9,"2023-11-09 19:30:35",640660c194b3b,"0,0,3,4,1,2,7,8,5,6,9,12,13,14,15,16,17,18,19,20"
10,"2023-11-09 19:30:35",640660c194b3b,"3,4,0,0,1,2,7,8,5,6,9,12,13,14,15,16,17,18,19,20"
11,"2023-11-09 19:30:35",640661b871a3c,"1,2,3,4,5,6,7,8,9,0,0,12,13,14,15,16,17,18,19,20"
12,"2023-11-09 19:30:35",640661b871a3c,"1,2,3,4,5,6,7,8,0,9,0,12,13,14,15,16,17,18,19,20"
13,"2023-11-09 19:30:35",640661b871a3c,"1,2,3,4,5,6,7,8,0,0,9,12,13,14,15,16,17,18,19,20"
14,"2023-11-09 19:30:35",640661b871a3c,"0,0,3,4,1,2,7,8,5,6,9,12,13,14,15,16,17,18,19,20"
15,"2023-11-09 19:30:35",640661b871a3c,"3,4,0,0,1,2,7,8,5,6,9,12,13,14,15,16,17,18,19,20"
16,"2023-11-09 19:30:35",640661b871a3c,"3,4,7,8,1,2,0,0,5,6,9,12,13,14,15,16,17,18,19,20"
17,"2023-11-09 19:30:35",640662288bd87,"1,2,3,4,5,6,7,8,9,0,0,12,13,14,15,16,17,18,19,20"
18,"2023-11-09 19:30:35",640662288bd87,"1,2,3,4,5,6,7,8,0,9,0,12,13,14,15,16,17,18,19,20"
19,"2023-11-09 19:30:35",640662288bd87,"1,2,3,4,5,6,7,8,0,0,9,12,13,14,15,16,17,18,19,20"
20,"2023-11-09 19:30:35",640662288bd87,"0,0,3,4,1,2,7,8,5,6,9,12,13,14,15,16,17,18,19,20"
21,"2023-11-09 19:30:35",64076de2176ea,"1,2,3,4,5,6,7,8,9,0,0,12,13,14,15,16,17,18,19,20"
22,"2023-11-09 19:30:35",64076de2176ea,"1,2,3,4,5,6,7,8,0,9,0,12,13,14,15,16,17,18,19,20"
23,"2023-11-09 19:30:35",64076de2176ea,"1,2,3,4,5,6,7,8,0,0,9,12,13,14,15,16,17,18,19,20"
24,"2023-11-09 19:30:35",64076de2176ea,"0,0,3,4,1,2,7,8,5,6,9,12,13,14,15,16,17,18,19,20"
25,"2023-11-09 19:30:35",64076de2176ea,"3,4,0,0,1,2,7,8,5,6,9,12,13,14,15,16,17,18,19,20"
26,"2023-11-09 19:30:35",64076df469e74,"1,2,3,4,5,6,7,8,9,0,0,12,13,14,15,16,17,18,19,20"
27,"2023-11-09 19:30:35",64076df469e74,"1,2,3,4,5,6,7,8,0,9,0,12,13,14,15,16,17,18,19,20"
28,"2023-11-09 19:30:35",64076de2176ea,"0,0,3,4,1,2,7,8,5,6,9,12,13,14,15,16,17,18,19,20"
29,"2023-11-09 19:30:35",64076de2176ea,"0,0,3,4,1,2,7,8,5,6,9,12,13,14,15,16,17,18,19,20"
30,"2023-11-09 19:30:35",64076de2176ea,"3,4,0,0,1,2,7,8,5,6,9,12,13,14,15,16,17,18,19,20"
31,"2023-11-09 19:30:35",64076de2176ea,"3,4,7,8,1,2,0,0,5,6,9,12,13,14,15,16,17,18,19,20"
32,"2023-11-09 19:30:35",64076de2176ea,"3,4,7,8,1,2,9,0,5,6,0,12,13,14,15,16,17,18,19,20"
33,"2023-11-09 19:30:35",64076de2176ea,"3,4,7,8,1,2,0,9,5,6,0,12,13,14,15,16,17,18,19,20"
34,"2023-11-09 19:30:35",64076df469e74,"1,2,3,4,5,6,7,8,0,0,9,12,13,14,15,16,17,18,19,20"
35,"2023-11-09 19:30:35",64076df469e74,"0,0,3,4,1,2,7,8,5,6,9,12,13,14,15,16,17,18,19,20"
36,"2023-11-09 19:30:35",64076df469e74,"3,4,0,0,1,2,7,8,5,6,9,12,13,14,15,16,17,18,19,20"
37,"2023-11-09 19:30:35",64076df469e74,"3,4,7,8,1,2,0,0,5,6,9,12,13,14,15,16,17,18,19,20"
38,"2023-11-09 19:30:35",64076df469e74,"3,4,7,8,1,2,0,12,5,6,9,0,13,14,15,16,17,18,19,20"
39,"2023-11-09 19:30:35",64076df469e74,"3,4,7,8,1,2,12,0,5,6,9,0,13,14,15,16,17,18,19,20"
40,"2023-11-09 19:30:35",64076df469e74,"3,4,7,8,1,2,0,12,5,6,9,0,13,14,15,16,17,18,19,20"
41,"2023-11-09 19:30:35",64076df469e74,"3,4,7,8,1,2,0,12,5,6,0,9,13,14,15,16,17,18,19,20"
42,"2023-11-09 19:30:35",64076df469e74,"3,4,7,8,0,1,2,12,0,5,6,9,13,14,15,16,17,18,19,20"
43,"2023-11-09 19:30:35",64076de2176ea,"3,4,7,8,0,1,2,9,0,5,6,12,13,14,15,16,17,18,19,20"
44,"2023-11-09 19:30:35",64076de2176ea,"3,4,7,8,13,1,2,9,17,5,6,12,0,14,15,16,0,18,19,20"
45,"2023-11-09 19:30:35",64076de2176ea,"3,4,7,8,13,1,2,9,17,5,6,12,14,0,15,16,18,0,19,20"
46,"2023-11-09 19:30:35",64076de2176ea,"3,4,7,8,13,1,2,9,17,5,6,12,14,15,16,0,18,0,19,20"
47,"2023-11-09 19:30:35",64076de2176ea,"3,4,7,8,13,1,2,9,17,5,6,12,14,15,16,0,18,19,20,0"
48,"2023-11-09 19:30:35",64076de2176ea,"3,4,7,8,13,1,2,9,17,5,6,0,14,15,16,12,18,19,20,0"
49,"2023-11-09 19:30:35",64076df469e74,"3,4,7,8,13,1,2,12,17,5,6,9,0,14,15,16,0,18,19,20"
50,"2023-11-09 19:30:35",64076df469e74,"3,4,7,8,13,1,2,12,17,5,6,9,14,0,15,16,18,0,19,20"
51,"2023-11-09 19:30:35",64076df469e74,"3,4,7,8,13,1,2,12,17,5,6,9,14,15,16,0,18,0,19,20"
52,"2023-11-09 19:30:35",64076df469e74,"3,4,7,8,13,1,2,12,17,5,6,9,14,15,16,0,18,19,20,0"
53,"2023-11-09 19:30:35",6408f19ab4771,"1,2,3,4,5,6,7,8,9,0,0,12,13,14,15,16,17,18,19,20"
54,"2023-11-09 19:30:35",6408f19ab4771,"1,2,3,4,5,6,7,8,9,0,0,12,13,14,15,16,17,18,19,20"
55,"2023-11-09 19:30:35",6408f19ab4771,"1,2,3,4,5,6,7,8,0,9,0,12,13,14,15,16,17,18,19,20"
56,"2023-11-09 19:30:35",6408f19ab4771,"1,2,3,4,5,6,7,8,0,9,0,12,13,14,15,16,17,18,19,20"
57,"2023-11-09 19:30:35",6408f19ab4771,"1,2,3,4,5,6,7,8,0,0,9,12,13,14,15,16,17,18,19,20"
58,"2023-11-09 19:30:35",6408f19ab4771,"1,2,3,4,5,6,7,8,0,0,9,12,13,14,15,16,17,18,19,20"
59,"2023-11-09 19:30:35",6408f19ab4771,"1,2,3,4,5,6,7,8,0,9,0,12,13,14,15,16,17,18,19,20"
60,"2023-11-09 19:30:35",6408f19ab4771,"1,2,3,4,5,6,7,8,13,9,0,12,17,14,15,16,0,18,19,20"
61,"2023-11-09 19:30:35",6408f19ab4771,"1,2,3,4,5,6,7,8,13,9,0,12,17,14,15,16,0,18,19,20"
62,"2023-11-09 19:30:35",6408f19ab4771,"1,2,3,4,5,6,7,8,13,9,0,12,17,14,15,16,0,18,19,20"
63,"2023-11-09 19:30:35",6408f19ab4771,"1,2,3,4,5,6,7,8,9,0,0,12,13,14,15,16,17,18,19,20"
64,"2023-11-09 19:30:35",640b4b80240da,"1,2,3,4,5,6,7,8,9,0,0,12,13,14,15,16,17,18,19,20"
65,"2023-11-09 19:30:35",640b4b80240da,"1,2,3,4,5,6,7,8,9,0,0,12,13,14,15,16,17,18,19,20"
66,"2023-11-09 19:30:35",640b4b80240da,"1,2,3,4,5,6,7,8,0,9,0,12,13,14,15,16,17,18,19,20"
67,"2023-11-09 19:30:35",640b4b80240da,"1,2,3,4,5,6,7,8,9,0,0,12,13,14,15,16,17,18,19,20"
68,"2023-11-09 19:30:35",640b4b80240da,"1,2,3,4,5,6,7,8,0,9,0,12,13,14,15,16,17,18,19,20"
69,"2023-11-09 19:30:35",640b4b80240da,"1,2,3,4,5,6,7,8,9,0,0,12,13,14,15,16,17,18,19,20"
70,"2023-11-09 19:30:35",640b4b80240da,"1,2,3,4,5,6,7,8,0,9,0,12,13,14,15,16,17,18,19,20"
71,"2023-11-09 19:30:35",640b529344e34,"1,2,3,4,5,6,7,8,9,0,0,12,13,14,15,16,17,18,19,20"
72,"2023-11-09 19:30:35",640b529344e34,"1,2,3,4,5,6,7,8,0,9,0,12,13,14,15,16,17,18,19,20"
73,"2023-11-09 19:30:35",640b529344e34,"1,2,3,4,5,6,7,8,0,0,9,12,13,14,15,16,17,18,19,20"
74,"2023-11-09 19:30:35",640b529344e34,"0,0,3,4,1,2,7,8,5,6,9,12,13,14,15,16,17,18,19,20"
75,"2023-11-09 19:30:35",640b529344e34,"3,4,0,0,1,2,7,8,5,6,9,12,13,14,15,16,17,18,19,20"
76,"2023-11-09 19:30:35",640b529344e34,"3,4,7,8,1,2,0,0,5,6,9,12,13,14,15,16,17,18,19,20"
77,"2023-11-09 19:30:35",640b529344e34,"3,4,7,8,1,2,9,0,5,6,0,12,13,14,15,16,17,18,19,20"
78,"2023-11-09 19:30:35",640b529344e34,"3,4,7,8,1,2,0,9,5,6,0,12,13,14,15,16,17,18,19,20"
79,"2023-11-09 19:30:35",640b529344e34,"3,4,7,8,0,1,2,9,0,5,6,12,13,14,15,16,17,18,19,20"
80,"2023-11-09 19:30:35",640b529344e34,"3,4,7,8,13,1,2,9,17,5,6,12,0,14,15,16,0,18,19,20"
81,"2023-11-09 19:30:35",640b529344e34,"3,4,7,8,13,1,2,9,17,5,6,12,14,0,15,16,18,0,19,20"
82,"2023-11-09 19:30:35",640b529344e34,"3,4,7,8,13,1,2,9,17,5,6,12,14,15,16,0,18,0,19,20"
83,"2023-11-09 19:30:35",640b529344e34,"3,4,7,8,13,1,2,9,17,5,6,12,14,15,16,0,18,19,20,0"
84,"2023-11-09 19:30:35",640b529344e34,"3,4,7,8,13,1,2,9,17,5,6,0,14,15,16,12,18,19,20,0"
85,"2023-11-09 19:30:35",640b529344e34,"3,4,7,8,13,1,2,9,17,5,6,0,14,15,16,0,18,19,20,12"
86,"2023-11-09 19:30:35",640b529344e34,"3,4,7,8,13,1,2,0,17,5,6,9,14,15,16,0,18,19,20,12"
87,"2023-11-09 19:30:35",640b529344e34,"3,4,7,8,13,1,2,0,17,5,6,0,14,15,16,9,18,19,20,12"
88,"2023-11-09 19:30:35",640b529344e34,"3,4,7,8,13,0,1,2,17,0,5,6,14,15,16,9,18,19,20,12"
89,"2023-11-09 19:30:35",640b529344e34,"3,4,7,8,0,13,1,2,0,17,5,6,14,15,16,9,18,19,20,12"
90,"2023-11-09 19:30:35",640b529344e34,"3,4,7,8,14,13,1,2,18,17,5,6,0,15,16,9,0,19,20,12"
91,"2023-11-09 19:30:35",640b4b80240da,"1,2,3,4,5,6,7,8,9,0,0,12,13,14,15,16,17,18,19,20"
92,"2023-11-09 19:30:35",640b4b80240da,"1,2,3,4,5,6,7,8,0,9,0,12,13,14,15,16,17,18,19,20"
93,"2023-11-09 19:30:35",640b4b80240da,"1,2,3,4,5,6,7,8,0,9,0,12,13,14,15,16,17,18,19,20"
94,"2023-11-09 19:30:35",640b4b80240da,"1,2,3,4,5,6,7,8,0,0,9,12,13,14,15,16,17,18,19,20"
95,"2023-11-09 19:30:35",640b4b80240da,"0,0,3,4,1,2,7,8,5,6,9,12,13,14,15,16,17,18,19,20"
96,"2023-11-09 19:30:35",640b534bec616,"1,2,3,4,5,6,7,8,9,0,0,12,13,14,15,16,17,18,19,20"
97,"2023-11-09 19:30:35",640b534bec616,"1,2,3,4,5,6,7,8,0,9,0,12,13,14,15,16,17,18,19,20"
98,"2023-11-09 19:30:35",640b534bec616,"1,2,3,4,5,6,7,8,0,0,9,12,13,14,15,16,17,18,19,20"
99,"2023-11-09 19:30:35",640b534bec616,"0,0,3,4,1,2,7,8,5,6,9,12,13,14,15,16,17,18,19,20"
100,"2023-11-09 19:30:35",640b4b80240da,"1,2,3,4,5,6,7,8,9,0,0,12,13,14,15,16,17,18,19,20"
101,"2023-11-09 19:30:35",,"1,2,3,4,5,6,7,8,9,0,0,12,13,14,15,16,17,18,19,20"
102,"2023-11-09 19:30:35",640b539dab2f1,"1,2,3,4,5,6,7,8,9,0,0,12,13,14,15,16,17,18,19,20"
103,"2023-11-09 19:30:35",640b53a91e697,"1,2,3,4,5,6,7,8,9,0,0,12,13,14,15,16,17,18,19,20"
104,"2023-11-09 19:30:35",,"1,2,3,4,5,6,7,8,9,0,0,12,13,14,15,16,17,18,19,20"
105,"2023-11-09 19:30:35",640b53a91e697,"1,2,3,4,5,6,7,8,0,9,0,12,13,14,15,16,17,18,19,20"
106,"2023-11-09 19:30:35",640b53a91e697,"1,2,3,4,5,6,7,8,0,0,9,12,13,14,15,16,17,18,19,20"
107,"2023-11-09 19:30:35",,"1,2,3,4,5,6,7,8,0,9,0,12,13,14,15,16,17,18,19,20"
108,"2023-11-09 19:30:35",,"1,2,3,4,5,6,7,8,9,0,0,12,13,14,15,16,17,18,19,20"
109,"2023-11-09 19:30:35",,"1,2,3,4,5,6,7,8,9,0,12,0,13,14,15,16,17,18,19,20"
110,"2023-11-09 19:30:35",,"1,2,3,4,5,6,7,8,9,12,0,0,13,14,15,16,17,18,19,20"
111,"2023-11-09 19:30:35",,"1,2,3,4,5,6,0,0,9,12,7,8,13,14,15,16,17,18,19,20"
112,"2023-11-09 19:30:35",,"1,2,0,0,5,6,3,4,9,12,7,8,13,14,15,16,17,18,19,20"
113,"2023-11-09 19:30:35",,"1,2,0,0,5,6,3,4,9,12,7,8,13,14,15,16,17,18,19,20"
114,"2023-11-09 19:30:35",,"1,2,3,4,5,6,0,0,9,12,7,8,13,14,15,16,17,18,19,20"
115,"2023-11-09 19:30:35",,"1,2,0,0,5,6,3,4,9,12,7,8,13,14,15,16,17,18,19,20"
116,"2023-11-09 19:30:35",,"1,2,3,4,5,6,0,0,9,12,7,8,13,14,15,16,17,18,19,20"
117,"2023-11-09 19:30:35",,"1,2,3,4,5,6,7,8,9,12,0,0,13,14,15,16,17,18,19,20"
118,"2023-11-09 19:30:35",,"1,2,3,4,5,6,7,8,9,0,12,0,13,14,15,16,17,18,19,20"
119,"2023-11-09 19:30:35",,"1,2,3,4,5,6,7,8,0,9,12,0,13,14,15,16,17,18,19,20"
120,"2023-11-09 19:30:35",,"1,2,3,4,5,6,7,8,0,9,0,12,13,14,15,16,17,18,19,20"
121,"2023-11-09 19:30:35",,"1,2,3,4,5,6,7,8,0,0,9,12,13,14,15,16,17,18,19,20"
122,"2023-11-09 19:30:35",,"0,0,3,4,1,2,7,8,5,6,9,12,13,14,15,16,17,18,19,20"
123,"2023-11-09 19:30:35",,"3,4,0,0,1,2,7,8,5,6,9,12,13,14,15,16,17,18,19,20"
124,"2023-11-09 19:30:35",,"3,4,7,8,1,2,0,0,5,6,9,12,13,14,15,16,17,18,19,20"
125,"2023-11-09 19:30:35",,"1,2,3,4,5,6,7,8,9,0,0,12,13,14,15,16,17,18,19,20"
126,"2023-11-09 19:30:35",,"3,4,7,8,1,2,0,0,5,6,9,12,13,14,15,16,17,18,19,20"
127,"2023-11-09 19:30:35",640b53a91e697,"1,2,3,4,5,6,7,8,0,9,0,12,13,14,15,16,17,18,19,20"
128,"2023-11-09 19:30:35",,"3,4,7,8,1,2,0,0,5,6,9,12,13,14,15,16,17,18,19,20"
129,"2023-11-09 19:30:35",,"3,4,7,8,1,2,0,0,5,6,9,12,13,14,15,16,17,18,19,20"
130,"2023-11-09 19:30:35",640b53a91e697,"1,2,3,4,5,6,7,8,0,9,0,12,13,14,15,16,17,18,19,20"
131,"2023-11-09 19:30:35",,"3,4,7,8,1,2,0,0,5,6,9,12,13,14,15,16,17,18,19,20"
132,"2023-11-09 19:30:35",,"3,4,0,0,1,2,7,8,5,6,9,12,13,14,15,16,17,18,19,20"
133,"2023-11-09 19:30:35",640b53a91e697,"1,2,3,4,5,6,7,8,0,0,9,12,13,14,15,16,17,18,19,20"
134,"2023-11-09 19:30:35",,"3,4,7,8,1,2,0,0,5,6,9,12,13,14,15,16,17,18,19,20"
135,"2023-11-09 19:30:35",640b53a91e697,"0,0,3,4,1,2,7,8,5,6,9,12,13,14,15,16,17,18,19,20"
136,"2023-11-09 19:30:35",,"3,4,7,8,1,2,0,0,5,6,9,12,13,14,15,16,17,18,19,20"
137,"2023-11-09 19:30:35",,"3,4,7,8,1,2,0,12,5,6,9,0,13,14,15,16,17,18,19,20"
138,"2023-11-09 19:30:35",,"3,4,7,8,1,2,0,12,5,6,0,9,13,14,15,16,17,18,19,20"
139,"2023-11-09 19:30:35",,"3,4,7,8,0,1,2,12,0,5,6,9,13,14,15,16,17,18,19,20"
140,"2023-11-09 19:30:35",,"3,4,7,8,13,1,2,12,17,5,6,9,0,14,15,16,0,18,19,20"
141,"2023-11-09 19:30:35",,"3,4,7,8,13,1,2,12,17,5,6,9,0,14,15,16,0,18,19,20"
142,"2023-11-09 19:30:35",,"3,4,7,8,13,1,2,12,17,5,6,9,14,0,15,16,18,0,19,20"
143,"2023-11-09 19:30:35",,"3,4,7,8,13,1,2,12,17,5,6,9,14,15,16,0,18,0,19,20"
144,"2023-11-09 19:30:35",,"3,4,7,8,13,1,2,12,17,5,6,9,14,15,16,0,18,19,20,0"
145,"2023-11-09 19:30:35",640b53a91e697,"1,2,3,4,5,6,7,8,9,0,0,12,13,14,15,16,17,18,19,20"
146,"2023-11-09 19:30:35",640b54ea6ef9d,"1,2,3,4,5,6,7,8,9,0,0,12,13,14,15,16,17,18,19,20"
147,"2023-11-09 19:30:35",640b54ea6ef9d,"1,2,3,4,5,6,7,8,0,9,0,12,13,14,15,16,17,18,19,20"
148,"2023-11-09 19:30:35",640b54ea6ef9d,"1,2,3,4,5,6,7,8,0,0,9,12,13,14,15,16,17,18,19,20"
149,"2023-11-09 19:30:35",640b54ea6ef9d,"0,0,3,4,1,2,7,8,5,6,9,12,13,14,15,16,17,18,19,20"
150,"2023-11-09 19:30:35",640b54ea6ef9d,"3,4,0,0,1,2,7,8,5,6,9,12,13,14,15,16,17,18,19,20"
151,"2023-11-09 19:30:35",640b534bec616,"1,2,3,4,5,6,7,8,9,0,0,12,13,14,15,16,17,18,19,20"
152,"2023-11-09 19:30:35",640b580a238fa,"1,2,3,4,5,6,7,8,9,0,0,12,13,14,15,16,17,18,19,20"
153,"2023-11-09 19:30:35",640b58bf52c49,"1,2,3,4,5,6,7,8,9,0,0,12,13,14,15,16,17,18,19,20"
154,"2023-11-09 19:30:35",640b69afaf6d0,"1,2,3,4,5,6,7,8,9,0,0,12,13,14,15,16,17,18,19,20"
155,"2023-11-09 19:30:35",640b69afaf6d0,"1,2,3,4,5,6,7,8,0,9,0,12,13,14,15,16,17,18,19,20"
156,"2023-11-09 19:30:35",640b69afaf6d0,"1,2,3,4,5,6,7,8,0,0,9,12,13,14,15,16,17,18,19,20"
157,"2023-11-09 19:30:35",640b69afaf6d0,"0,0,3,4,1,2,7,8,5,6,9,12,13,14,15,16,17,18,19,20"
158,"2023-11-09 19:30:35",640b69afaf6d0,"3,4,0,0,1,2,7,8,5,6,9,12,13,14,15,16,17,18,19,20"
159,"2023-11-09 19:30:35",640b69afaf6d0,"3,4,7,8,1,2,0,0,5,6,9,12,13,14,15,16,17,18,19,20"
160,"2023-11-09 19:30:35",640b6a083c8cf,"1,2,3,4,5,6,7,8,9,0,0,12,13,14,15,16,17,18,19,20"
161,"2023-11-09 19:30:35",640b6a083c8cf,"1,2,3,4,5,6,7,8,9,0,0,12,13,14,15,16,17,18,19,20"
162,"2023-11-09 19:30:35",640b8dfebb6d2,"1,2,3,4,5,6,7,8,9,0,0,12,13,14,15,16,17,18,19,20"
163,"2023-11-09 19:30:35",640b8dfebb6d2,"1,2,3,4,5,6,7,8,0,9,0,12,13,14,15,16,17,18,19,20"
164,"2023-11-09 19:30:35",640b8dfebb6d2,"1,2,3,4,5,6,7,8,0,0,9,12,13,14,15,16,17,18,19,20"
165,"2023-11-09 19:30:35",640b8dfebb6d2,"0,0,3,4,1,2,7,8,5,6,9,12,13,14,15,16,17,18,19,20"
166,"2023-11-09 19:30:35",640b8dfebb6d2,"3,4,0,0,1,2,7,8,5,6,9,12,13,14,15,16,17,18,19,20"
167,"2023-11-09 19:30:35",640b8dfebb6d2,"1,2,3,4,5,6,7,8,9,0,0,12,13,14,15,16,17,18,19,20"
168,"2023-11-09 19:30:35",640b8dfebb6d2,"1,2,3,4,5,6,7,8,9,0,0,12,13,14,15,16,17,18,19,20"
169,"2023-11-09 19:30:35",,"1,2,3,4,5,6,7,8,9,0,0,12,13,14,15,16,17,18,19,20"
170,"2023-11-09 19:30:35",,"1,2,3,4,5,6,7,8,9,0,0,12,13,14,15,16,17,18,19,20"
171,"2023-11-09 19:30:35",640fd3fc2da54,"1,2,3,4,5,6,7,8,9,0,0,12,13,14,15,16,17,18,19,20"
172,"2023-11-09 19:30:35",640fd3fc2da54,"1,2,3,4,5,6,7,8,0,9,0,12,13,14,15,16,17,18,19,20"
173,"2023-11-09 19:30:35",640fd3fc2da54,"1,2,3,4,5,6,7,8,0,0,9,12,13,14,15,16,17,18,19,20"
174,"2023-11-09 19:30:35",640fd3fc2da54,"0,0,3,4,1,2,7,8,5,6,9,12,13,14,15,16,17,18,19,20"
175,"2023-11-09 19:30:35",641310cecf055,"1,2,3,4,5,6,7,8,9,0,0,12,13,14,15,16,17,18,19,20"
176,"2023-11-09 19:30:35",641310cecf055,"1,2,3,4,5,6,7,8,9,0,0,12,13,14,15,16,17,18,19,20"
177,"2023-11-09 19:30:35",6413112e907cf,"1,2,3,4,5,6,7,8,9,0,0,12,13,14,15,16,17,18,19,20"
178,"2023-11-09 19:30:35",6413113284b33,"1,2,3,4,5,6,7,8,9,0,0,12,13,14,15,16,17,18,19,20"
179,"2023-11-09 19:30:35",6413113284b33,"1,2,3,4,5,6,7,8,0,9,0,12,13,14,15,16,17,18,19,20"
180,"2023-11-09 19:30:35",6413113284b33,"1,2,3,4,5,6,7,8,13,9,0,12,17,14,15,16,0,18,19,20"
181,"2023-11-09 19:30:35",6413113284b33,"1,2,3,4,5,6,7,8,0,9,0,12,13,14,15,16,17,18,19,20"
182,"2023-11-09 19:30:35",6413113284b33,"1,2,3,4,5,6,7,8,13,9,0,12,17,14,15,16,0,18,19,20"
183,"2023-11-09 19:30:35",6413113284b33,"1,2,3,4,5,6,7,8,0,9,0,12,13,14,15,16,17,18,19,20"
184,"2023-11-09 19:30:35",6413113284b33,"1,2,3,4,5,6,7,8,13,9,0,12,17,14,15,16,0,18,19,20"
185,"2023-11-09 19:30:35",6413113284b33,"1,2,3,4,5,6,7,8,0,9,0,12,13,14,15,16,17,18,19,20"
186,"2023-11-09 19:30:35",6413113284b33,"1,2,3,4,5,6,7,8,13,9,0,12,17,14,15,16,0,18,19,20"
187,"2023-11-09 19:30:35",6413113284b33,"1,2,3,4,5,6,7,8,13,9,0,12,17,14,15,16,0,18,19,20"
188,"2023-11-09 19:30:35",6413113284b33,"1,2,3,4,5,6,7,8,13,9,0,12,17,14,15,16,0,18,19,20"
189,"2023-11-09 19:30:35",6413113284b33,"1,2,3,4,5,6,7,8,13,9,0,12,17,14,15,16,0,18,19,20"
190,"2023-11-09 19:30:35",6413113284b33,"1,2,3,4,5,6,7,8,13,0,9,12,17,14,15,16,0,18,19,20"
191,"2023-11-09 19:30:35",6413113284b33,"1,2,3,4,5,6,7,8,13,9,0,12,17,14,15,16,0,18,19,20"
192,"2023-11-09 19:30:35",6413113284b33,"1,2,3,4,5,6,7,8,13,0,9,12,17,14,15,16,0,18,19,20"
193,"2023-11-09 19:30:35",6413113284b33,"1,2,3,4,5,6,7,8,13,9,0,12,17,14,15,16,0,18,19,20"
194,"2023-11-09 19:30:35",6413113284b33,"1,2,3,4,5,6,7,8,13,0,9,12,17,14,15,16,0,18,19,20"
195,"2023-11-09 19:30:35",6413113284b33,"1,2,3,4,5,6,7,8,13,9,0,12,17,14,15,16,0,18,19,20"
196,"2023-11-09 19:30:35",6413113284b33,"1,2,3,4,5,6,7,8,13,0,9,12,17,14,15,16,0,18,19,20"
197,"2023-11-09 19:30:35",6413113284b33,"1,2,3,4,5,6,7,8,13,0,9,12,17,14,15,16,0,18,19,20"
198,"2023-11-09 19:30:35",6413113284b33,"1,2,3,4,5,6,7,8,13,0,9,12,17,14,15,16,0,18,19,20"
199,"2023-11-09 19:30:35",6413113284b33,"1,2,3,4,5,6,7,8,13,14,9,12,17,18,15,16,0,0,19,20"
200,"2023-11-09 19:30:35",6413113284b33,"1,2,3,4,5,6,7,8,13,0,9,12,17,14,15,16,0,18,19,20"
201,"2023-11-09 19:30:35",6413113284b33,"1,2,3,4,5,6,7,8,9,0,0,12,13,14,15,16,17,18,19,20"
202,"2023-11-09 19:30:35",64e4d949d854d,"1,2,3,4,5,6,7,8,9,0,0,12,13,14,15,16,17,18,19,20"
203,"2023-11-09 19:30:35",64e4d949d854d,"1,2,3,4,5,6,7,8,9,0,0,12,13,14,15,16,17,18,19,20"
204,"2023-11-09 19:30:35",64e4d949d854d,"1,2,3,4,5,6,7,8,9,0,12,0,13,14,15,16,17,18,19,20"
205,"2023-11-09 19:30:35",64e4d949d854d,"1,2,3,4,5,6,7,8,9,0,0,12,13,14,15,16,17,18,19,20"
206,"2023-11-09 19:30:35",64e4d949d854d,"1,2,3,4,5,6,7,8,9,0,12,0,13,14,15,16,17,18,19,20"
207,"2023-11-09 19:30:35",64e4d949d854d,"1,2,3,4,5,6,7,8,9,0,12,0,13,14,15,16,17,18,19,20"
208,"2023-11-09 19:30:35",64e4d949d854d,"1,2,3,4,5,6,7,8,9,0,12,0,13,14,15,16,17,18,19,20"
209,"2023-11-09 19:30:35",64e4d949d854d,"1,2,3,4,5,6,7,8,9,0,12,0,13,14,15,16,17,18,19,20"
210,"2023-11-09 19:30:35",64e4d949d854d,"1,2,3,4,5,6,7,8,9,12,0,0,13,14,15,16,17,18,19,20"
211,"2023-11-09 19:30:35",64e4d949d854d,"1,2,3,4,5,6,0,0,9,12,7,8,13,14,15,16,17,18,19,20"
212,"2023-11-09 19:30:35",64e4d949d854d,"1,2,3,4,5,6,0,0,9,12,7,8,13,14,15,16,17,18,19,20"
213,"2023-11-09 19:30:35",64e4d949d854d,"1,2,3,4,5,6,0,0,9,12,7,8,13,14,15,16,17,18,19,20"
214,"2023-11-09 19:30:35",64e4d949d854d,"1,2,3,4,5,6,0,0,9,12,7,8,13,14,15,16,17,18,19,20"
215,"2023-11-09 19:30:35",64e4d949d854d,"1,2,3,4,5,6,0,0,9,12,7,8,13,14,15,16,17,18,19,20"
216,"2023-11-09 19:30:35",64e4d949d854d,"1,2,0,0,5,6,3,4,9,12,7,8,13,14,15,16,17,18,19,20"
217,"2023-11-09 19:30:35",64e4d949d854d,"1,2,0,0,5,6,3,4,9,12,7,8,13,14,15,16,17,18,19,20"
218,"2023-11-09 19:30:35",64e4d949d854d,"1,2,0,0,5,6,3,4,9,12,7,8,13,14,15,16,17,18,19,20"
219,"2023-11-09 19:30:35",64e4d949d854d,"1,2,0,0,5,6,3,4,9,12,7,8,13,14,15,16,17,18,19,20"
220,"2023-11-09 19:30:35",64e4d949d854d,"1,2,0,0,5,6,3,4,9,12,7,8,13,14,15,16,17,18,19,20"
221,"2023-11-09 19:30:35",64e4d949d854d,"1,2,3,4,5,6,0,0,9,12,7,8,13,14,15,16,17,18,19,20"
222,"2023-11-09 19:30:35",64e4d949d854d,"1,2,3,4,5,6,7,8,9,12,0,0,13,14,15,16,17,18,19,20"
223,"2023-11-09 19:30:35",64e4d949d854d,"1,2,3,4,5,6,7,8,9,12,15,16,13,14,0,0,17,18,19,20"
224,"2023-11-09 19:30:35",64e4d949d854d,"1,2,3,4,5,6,7,8,9,12,15,16,13,14,19,20,17,18,0,0"
225,"2023-11-09 19:30:35",64e4d949d854d,"1,2,3,4,5,6,7,8,9,12,15,16,13,14,19,20,17,18,0,0"
226,"2023-11-09 19:30:35",64e4d949d854d,"1,2,3,4,5,6,7,8,9,12,15,16,13,14,19,20,17,18,0,0"
227,"2023-11-09 19:30:35",64e4d949d854d,"1,2,3,4,5,6,7,8,9,12,15,16,13,14,0,0,17,18,19,20"
228,"2023-11-09 19:30:35",64e4d949d854d,"1,2,3,4,5,6,7,8,9,12,0,0,13,14,15,16,17,18,19,20"
229,"2023-11-09 19:30:35",64e4d949d854d,"1,2,3,4,5,6,7,8,9,0,12,0,13,14,15,16,17,18,19,20"
230,"2023-11-09 19:30:35",64e4d949d854d,"1,2,3,4,5,6,7,8,0,9,12,0,13,14,15,16,17,18,19,20"
231,"2023-11-09 19:30:35",64e4d949d854d,"1,2,3,4,5,6,7,8,0,9,0,12,13,14,15,16,17,18,19,20"
232,"2023-11-09 19:30:35",64e4d949d854d,"1,2,3,4,5,6,7,8,0,0,9,12,13,14,15,16,17,18,19,20"
233,"2023-11-09 19:30:35",64e4d949d854d,"0,0,3,4,1,2,7,8,5,6,9,12,13,14,15,16,17,18,19,20"
234,"2023-11-09 19:30:35",64e4d949d854d,"0,0,3,4,1,2,7,8,5,14,9,12,13,18,15,16,17,0,19,20"
235,"2023-11-09 19:30:35",64e4d949d854d,"1,2,3,4,5,6,7,8,9,0,0,12,13,14,15,16,17,18,19,20"
236,"2023-11-09 19:30:35",,"1,2,3,4,5,6,7,8,9,0,0,12,13,14,15,16,17,18,19,20"
237,"2023-11-09 19:30:35",,"1,2,3,4,5,6,7,8,0,9,0,12,13,14,15,16,17,18,19,20"
238,"2023-11-09 19:30:35",,"1,2,3,4,5,6,7,8,0,0,9,12,13,14,15,16,17,18,19,20"
239,"2023-11-09 19:30:35",,"1,2,3,4,5,6,7,8,0,0,9,12,13,14,15,16,17,18,19,20"
240,"2023-11-09 19:30:35",,"0,0,3,4,1,2,7,8,5,6,9,12,13,14,15,16,17,18,19,20"
241,"2023-11-09 19:30:35",,"3,4,0,0,1,2,7,8,5,6,9,12,13,14,15,16,17,18,19,20"
242,"2023-11-09 19:30:35",,"3,4,7,8,1,2,0,0,5,6,9,12,13,14,15,16,17,18,19,20"
243,"2023-11-09 19:30:35",,"3,4,7,8,1,2,9,0,5,6,0,12,13,14,15,16,17,18,19,20"
244,"2023-11-09 19:30:35",,"3,4,7,8,1,2,9,12,5,6,0,0,13,14,15,16,17,18,19,20"
245,"2023-11-09 19:30:35",,"3,4,7,8,1,2,9,12,5,6,15,16,13,14,0,0,17,18,19,20"
246,"2023-11-09 19:30:35",,"3,4,7,8,1,2,9,12,5,6,15,16,13,14,19,20,17,18,0,0"
247,"2023-11-09 19:30:35",,"3,4,7,8,1,2,9,12,5,6,15,16,13,14,0,0,17,18,19,20"
248,"2023-11-09 19:30:35",,"3,4,7,8,1,2,9,12,5,6,0,0,13,14,15,16,17,18,19,20"
249,"2023-11-09 19:30:35",,"3,4,7,8,1,2,9,12,5,6,15,16,13,14,0,0,17,18,19,20"
250,"2023-11-09 19:30:35",,"3,4,7,8,1,2,9,12,5,6,15,16,13,14,19,20,17,18,0,0"
251,"2023-11-09 19:30:35",,"3,4,7,8,1,2,9,12,5,6,15,16,13,14,19,20,17,18,0,0"
252,"2023-11-09 19:30:35",,"3,4,7,8,1,2,9,12,5,6,15,16,13,14,19,20,17,18,0,0"
253,"2023-11-09 19:30:35",,"3,4,7,8,1,2,9,12,5,6,15,16,13,14,0,0,17,18,19,20"
254,"2023-11-09 19:30:35",,"3,4,7,8,1,2,9,12,5,6,0,0,13,14,15,16,17,18,19,20"
255,"2023-11-09 19:30:35",,"3,4,7,8,1,2,9,12,5,6,0,0,13,14,15,16,17,18,19,20"
256,"2023-11-09 19:30:35",,"3,4,7,8,1,2,0,12,5,6,9,0,13,14,15,16,17,18,19,20"
257,"2023-11-09 19:30:35",,"3,4,7,8,1,2,0,12,5,6,0,9,13,14,15,16,17,18,19,20"
258,"2023-11-09 19:30:35",,"3,4,7,8,0,1,2,12,0,5,6,9,13,14,15,16,17,18,19,20"
259,"2023-11-09 19:30:35",,"3,4,7,8,13,1,2,12,17,5,6,9,0,14,15,16,0,18,19,20"
260,"2023-11-09 19:30:35",,"3,4,7,8,13,1,2,12,17,5,6,9,14,0,15,16,18,0,19,20"
261,"2023-11-09 19:30:35",,"3,4,7,8,13,1,2,12,17,5,6,9,0,14,15,16,0,18,19,20"
262,"2023-11-09 19:30:35",,"3,4,7,8,13,1,2,12,17,5,6,9,14,0,15,16,18,0,19,20"
263,"2023-11-09 19:30:35",,"3,4,7,8,13,1,2,12,17,5,6,9,14,15,16,0,18,0,19,20"
264,"2023-11-09 19:30:35",,"3,4,7,8,13,1,2,12,17,5,6,9,14,15,16,0,18,19,20,0"
265,"2023-11-09 19:30:35",,"3,4,7,8,13,1,2,12,17,5,6,0,14,15,16,9,18,19,20,0"
266,"2023-11-09 19:30:35",,"3,4,7,8,13,1,2,12,17,5,6,0,14,15,16,0,18,19,20,9"
267,"2023-11-09 19:30:35",,"3,4,7,8,13,1,2,12,17,5,6,0,14,15,16,0,18,19,20,9"
268,"2023-11-09 19:30:35",,"3,4,7,8,13,1,2,0,17,5,6,12,14,15,16,0,18,19,20,9"
269,"2023-11-09 19:30:35",,"3,4,7,8,13,1,2,0,17,5,6,0,14,15,16,12,18,19,20,9"
270,"2023-11-09 19:30:35",,"3,4,7,8,13,0,1,2,17,0,5,6,14,15,16,12,18,19,20,9"
271,"2023-11-09 19:30:35",,"3,4,7,8,0,13,1,2,0,17,5,6,14,15,16,12,18,19,20,9"
272,"2023-11-09 19:30:35",,"3,4,7,8,14,13,1,2,18,17,5,6,0,15,16,12,0,19,20,9"
273,"2023-11-09 19:30:35",,"3,4,7,8,14,13,1,2,18,17,5,6,15,16,0,12,0,19,20,9"
274,"2023-11-09 19:30:35",,"3,4,7,8,14,13,1,2,18,17,5,6,15,16,0,12,19,20,0,9"
275,"2023-11-09 19:30:35",,"3,4,7,8,14,13,1,2,18,17,5,6,15,16,0,12,19,20,9,0"
276,"2023-11-09 19:30:35",,"3,4,7,8,14,13,1,2,18,17,5,6,15,16,0,0,19,20,9,12"
277,"2023-11-09 19:30:35",,"3,4,7,8,14,13,0,0,18,17,1,2,15,16,5,6,19,20,9,12"
278,"2023-11-09 19:30:35",,"3,4,0,0,14,13,7,8,18,17,1,2,15,16,5,6,19,20,9,12"
279,"2023-11-09 19:30:35",,"0,0,3,4,14,13,7,8,18,17,1,2,15,16,5,6,19,20,9,12"
280,"2023-11-09 19:30:35",,"0,13,3,4,14,17,7,8,18,0,1,2,15,16,5,6,19,20,9,12"
281,"2023-11-09 19:30:35",,"14,13,3,4,18,17,7,8,0,0,1,2,15,16,5,6,19,20,9,12"
282,"2023-11-09 19:30:35",,"14,13,3,4,18,17,7,8,15,16,1,2,0,0,5,6,19,20,9,12"
283,"2023-11-09 19:30:35",,"14,13,3,4,18,17,7,8,15,16,1,2,19,20,5,6,0,0,9,12"
284,"2023-11-09 19:30:35",,"14,13,3,4,18,17,7,8,15,16,1,2,19,20,5,6,0,9,0,12"
285,"2023-11-09 19:30:35",,"14,13,3,4,18,17,7,8,15,16,1,2,19,20,5,6,0,9,0,12"
286,"2023-11-09 19:30:35",,"14,13,3,4,18,17,7,8,15,16,1,2,19,20,5,6,9,0,0,12"
287,"2023-11-09 19:30:35",,"14,13,3,4,18,17,7,8,15,16,1,2,19,20,5,6,9,0,12,0"
288,"2023-11-09 19:30:35",,"14,13,3,4,18,17,7,8,15,16,1,2,19,20,5,6,9,12,0,0"
289,"2023-11-09 19:30:35",,"14,13,3,4,18,17,7,8,15,16,0,0,19,20,1,2,9,12,5,6"
290,"2023-11-09 19:30:35",64f133d0202db,"1,2,3,4,5,6,7,8,9,0,0,12,13,14,15,16,17,18,19,20"
291,"2023-11-09 19:30:35",64f133d0202db,"1,2,3,4,5,6,7,8,9,0,0,12,13,14,15,16,17,18,19,20"
292,"2023-11-09 19:30:35",64f133d0202db,"1,2,3,4,5,6,7,8,0,9,0,12,13,14,15,16,17,18,19,20"
293,"2023-11-09 19:30:35",64f133d0202db,"1,2,3,4,5,6,7,8,0,0,9,12,13,14,15,16,17,18,19,20"
294,"2023-11-09 19:30:35",64f133d0202db,"0,0,3,4,1,2,7,8,5,6,9,12,13,14,15,16,17,18,19,20"
295,"2023-11-09 19:30:35",64f133d0202db,"3,4,0,0,1,2,7,8,5,6,9,12,13,14,15,16,17,18,19,20"
296,"2023-11-09 19:30:35",64f133d0202db,"3,4,7,8,1,2,0,0,5,6,9,12,13,14,15,16,17,18,19,20"
297,"2023-11-09 19:30:35",64f133d0202db,"3,4,7,8,1,2,0,12,5,6,9,0,13,14,15,16,17,18,19,20"
298,"2023-11-09 19:30:35",64f133d0202db,"3,4,7,8,1,2,0,12,5,6,0,9,13,14,15,16,17,18,19,20"
299,"2023-11-09 19:30:35",64f133d0202db,"3,4,7,8,0,1,2,12,0,5,6,9,13,14,15,16,17,18,19,20"
300,"2023-11-09 19:30:35",64f133d0202db,"3,4,7,8,13,1,2,12,17,5,6,9,0,14,15,16,0,18,19,20"
301,"2023-11-09 19:30:35",64f133d0202db,"3,4,7,8,13,1,2,12,17,5,6,9,14,0,15,16,18,0,19,20"
302,"2023-11-09 19:30:35",64f133d0202db,"3,4,7,8,13,1,2,12,17,5,6,9,14,15,16,0,18,0,19,20"
303,"2023-11-09 19:30:35",64f133d0202db,"3,4,7,8,13,1,2,12,17,5,6,9,14,15,16,0,18,19,20,0"
304,"2023-11-09 19:30:35",64f133d0202db,"3,4,7,8,13,1,2,12,17,5,6,0,14,15,16,9,18,19,20,0"
305,"2023-11-09 19:30:35",64f133d0202db,"3,4,7,8,13,1,2,12,17,5,6,0,14,15,16,0,18,19,20,9"
306,"2023-11-09 19:30:35",64f133d0202db,"3,4,7,8,13,1,2,0,17,5,6,12,14,15,16,0,18,19,20,9"
307,"2023-11-09 19:30:35",64f133d0202db,"3,4,7,8,13,1,2,0,17,5,6,0,14,15,16,12,18,19,20,9"
308,"2023-11-09 19:30:35",64f133d0202db,"3,4,7,8,13,0,1,2,17,0,5,6,14,15,16,12,18,19,20,9"
309,"2023-11-09 19:30:35",64f133d0202db,"3,4,7,8,0,13,1,2,0,17,5,6,14,15,16,12,18,19,20,9"
310,"2023-11-09 19:30:35",64f133d0202db,"3,4,7,8,14,13,1,2,18,17,5,6,0,15,16,12,0,19,20,9"
311,"2023-11-09 19:30:35",64f133d0202db,"3,4,7,8,14,13,1,2,18,17,5,6,15,16,0,12,0,19,20,9"
312,"2023-11-09 19:30:35",64f133d0202db,"3,4,7,8,14,13,1,2,18,17,5,6,15,16,0,12,19,20,0,9"
313,"2023-11-09 19:30:35",64f133d0202db,"3,4,7,8,14,13,1,2,18,17,5,6,15,16,12,0,19,20,0,9"
314,"2023-11-09 19:30:35",64f133d0202db,"3,4,7,8,14,13,1,2,18,17,5,6,15,16,0,0,19,20,12,9"
315,"2023-11-09 19:30:35",64f133d0202db,"3,4,7,8,14,13,0,0,18,17,1,2,15,16,5,6,19,20,12,9"
316,"2023-11-09 19:30:35",64f133d0202db,"3,4,0,0,14,13,7,8,18,17,1,2,15,16,5,6,19,20,12,9"
317,"2023-11-09 19:30:35",64f133d0202db,"0,0,3,4,14,13,7,8,18,17,1,2,15,16,5,6,19,20,12,9"
318,"2023-11-09 19:30:35",64f133d0202db,"0,13,3,4,14,17,7,8,18,0,1,2,15,16,5,6,19,20,12,9"
319,"2023-11-09 19:30:35",64f133d0202db,"14,13,3,4,18,17,7,8,0,0,1,2,15,16,5,6,19,20,12,9"
320,"2023-11-09 19:30:35",64f133d0202db,"14,13,3,4,18,17,7,8,15,16,1,2,0,0,5,6,19,20,12,9"
321,"2023-11-09 19:30:35",64f133d0202db,"14,13,3,4,18,17,7,8,15,16,1,2,19,20,5,6,0,0,12,9"
322,"2023-11-09 19:30:35",64f133d0202db,"14,13,3,4,18,17,7,8,15,16,1,2,19,20,5,6,0,12,0,9"
323,"2023-11-09 19:30:35",64f133d0202db,"14,13,3,4,18,17,7,8,15,16,1,2,19,20,5,6,0,12,9,0"
324,"2023-11-09 19:30:35",64f133d0202db,"14,13,3,4,18,17,7,8,15,16,1,2,19,20,5,6,12,0,9,0"
325,"2023-11-09 19:30:35",64f133d0202db,"14,13,3,4,18,17,7,8,15,16,1,2,19,20,5,6,12,9,0,0"
326,"2023-11-09 19:30:35",64f133d0202db,"14,13,3,4,18,17,7,8,15,16,0,0,19,20,1,2,12,9,5,6"
327,"2023-11-09 19:30:35",64f133d0202db,"14,13,3,4,18,17,0,0,15,16,7,8,19,20,1,2,12,9,5,6"
328,"2023-11-09 19:30:35",64f133d0202db,"14,13,3,4,18,17,7,8,15,16,0,0,19,20,1,2,12,9,5,6"
329,"2023-11-09 19:30:35",64f133d0202db,"14,13,3,4,18,17,7,8,0,0,15,16,19,20,1,2,12,9,5,6"
330,"2023-11-09 19:30:35",64f133d0202db,"14,13,3,4,18,17,7,8,19,20,15,16,0,0,1,2,12,9,5,6"
331,"2023-11-09 19:30:35",64f133d0202db,"14,13,3,4,18,17,7,8,19,20,15,16,0,9,1,2,12,0,5,6"
332,"2023-11-09 19:30:35",64f133d0202db,"14,13,3,4,18,17,7,8,19,20,15,16,9,0,1,2,12,0,5,6"
333,"2023-11-09 19:30:35",64f133d0202db,"14,13,3,4,18,17,7,8,19,20,15,16,0,9,1,2,12,0,5,6"
334,"2023-11-09 19:30:35",64f133d0202db,"14,13,3,4,18,17,7,8,19,20,15,16,12,9,1,2,0,0,5,6"
335,"2023-11-09 19:30:35",64f133d0202db,"14,13,3,4,18,17,7,8,19,20,15,16,12,0,1,2,0,9,5,6"
336,"2023-11-09 19:30:35",64f133d0202db,"14,13,3,4,18,17,7,8,19,20,15,16,0,12,1,2,0,9,5,6"
337,"2023-11-09 19:30:35",64f133d0202db,"14,13,3,4,18,17,7,8,19,20,15,16,0,12,1,2,9,0,5,6"
338,"2023-11-09 19:30:35",64f133d0202db,"14,13,3,4,18,17,7,8,19,20,15,16,9,12,1,2,0,0,5,6"
339,"2023-11-09 19:30:35",64f133d0202db,"14,13,3,4,18,17,7,8,19,20,15,16,9,0,1,2,0,12,5,6"
340,"2023-11-09 19:30:35",64f133d0202db,"14,13,3,4,18,17,7,8,19,20,15,16,9,0,1,2,12,0,5,6"
341,"2023-11-09 19:30:35",64f133d0202db,"14,13,3,4,18,17,7,8,19,20,15,16,9,1,2,0,12,5,6,0"
342,"2023-11-09 19:30:35",64f133d0202db,"14,13,3,4,18,17,7,8,19,20,15,16,9,0,1,2,12,0,5,6"
343,"2023-11-09 19:30:35",64f133d0202db,"14,13,3,4,18,17,7,8,19,20,15,16,0,9,1,2,12,0,5,6"
344,"2023-11-09 19:30:35",64f133d0202db,"14,13,3,4,18,17,7,8,19,20,15,16,0,9,1,2,0,12,5,6"
345,"2023-11-09 19:30:35",64f133d0202db,"14,13,3,4,18,17,7,8,19,20,15,16,0,9,1,2,0,12,5,6"
346,"2023-11-09 19:30:35",64f133d0202db,"14,13,3,4,18,17,7,8,19,20,15,16,9,0,1,2,0,12,5,6"
347,"2023-11-09 19:30:35",64f133d0202db,"14,13,3,4,18,17,7,8,19,20,15,16,0,0,1,2,9,12,5,6"
348,"2023-11-09 19:30:35",64f133d0202db,"14,13,3,4,18,17,7,8,0,0,15,16,19,20,1,2,9,12,5,6"
349,"2023-11-09 19:30:35",64f133d0202db,"14,0,3,4,18,13,7,8,0,17,15,16,19,20,1,2,9,12,5,6"
350,"2023-11-09 19:30:35",64f133d0202db,"0,0,3,4,14,13,7,8,18,17,15,16,19,20,1,2,9,12,5,6"
351,"2023-11-09 19:30:35",64f133d0202db,"3,4,0,0,14,13,7,8,18,17,15,16,19,20,1,2,9,12,5,6"
352,"2023-11-09 19:30:35",64f133d0202db,"3,4,7,8,14,13,0,0,18,17,15,16,19,20,1,2,9,12,5,6"
353,"2023-11-09 19:30:35",64f133d0202db,"3,4,7,8,14,13,15,16,18,17,0,0,19,20,1,2,9,12,5,6"
354,"2023-11-09 19:30:35",64f133d0202db,"3,4,7,8,14,13,0,0,18,17,15,16,19,20,1,2,9,12,5,6"
355,"2023-11-09 19:30:35",64f133d0202db,"3,4,0,0,14,13,7,8,18,17,15,16,19,20,1,2,9,12,5,6"
356,"2023-11-09 19:30:35",64f133d0202db,"0,0,3,4,14,13,7,8,18,17,15,16,19,20,1,2,9,12,5,6"
357,"2023-11-09 19:30:35",64f133d0202db,"0,13,3,4,14,17,7,8,18,0,15,16,19,20,1,2,9,12,5,6"
358,"2023-11-09 19:30:35",64f133d0202db,"14,13,3,4,18,17,7,8,0,0,15,16,19,20,1,2,9,12,5,6"
359,"2023-11-09 19:30:35",64f133d0202db,"14,13,3,4,18,17,7,8,19,20,15,16,0,0,1,2,9,12,5,6"
360,"2023-11-09 19:30:35",64f133d0202db,"14,13,3,4,18,17,7,8,19,20,15,16,0,12,1,2,9,0,5,6"
361,"2023-11-09 19:30:35",64f133d0202db,"14,13,3,4,18,17,7,8,19,20,15,16,12,0,1,2,9,0,5,6"
362,"2023-11-09 19:30:35",64f133d0202db,"14,13,3,4,18,17,7,8,19,20,15,16,12,1,2,0,9,5,6,0"
363,"2023-11-09 19:30:35",64f133d0202db,"14,13,3,4,18,17,7,8,19,20,15,16,12,1,2,0,9,5,6,0"
364,"2023-11-09 19:30:35",64f133d0202db,"14,13,3,4,18,17,7,8,19,20,15,16,12,0,1,2,9,0,5,6"
365,"2023-11-09 19:30:35",652d9cf5cff2e,"1,2,3,4,5,6,7,8,9,0,0,12,13,14,15,16,17,18,19,20"
366,"2023-11-09 19:30:35",654aa69a20f53,"1,2,3,4,5,6,7,8,9,0,0,12,13,14,15,16,17,18,19,20"
367,"2023-11-09 19:30:35",654aa69a20f53,"1,2,3,4,5,6,7,8,9,0,12,0,13,14,15,16,17,18,19,20"
368,"2023-11-09 19:30:35",654aa69a20f53,"1,2,3,4,5,6,7,8,9,12,0,0,13,14,15,16,17,18,19,20"
369,"2023-11-09 19:30:35",654aabee6d3ec,"1,2,3,4,5,6,7,8,9,0,0,12,13,14,15,16,17,18,19,20"
370,"2023-11-09 19:30:35",654ba74006d29,"1,2,3,4,5,6,7,8,9,0,0,12,13,14,15,16,17,18,19,20"
371,"2023-11-09 19:30:35",654ba74006d29,"1,2,3,4,5,6,7,8,9,0,12,0,13,14,15,16,17,18,19,20"
372,"2023-11-09 19:30:35",654ba74006d29,"1,2,3,4,5,6,7,8,9,0,0,12,13,14,15,16,17,18,19,20"
373,"2023-11-09 19:30:35",654ba74006d29,"1,2,3,4,5,6,7,8,0,9,0,12,13,14,15,16,17,18,19,20"
374,"2023-11-09 19:30:35",654ba74006d29,"1,2,3,4,5,6,7,8,0,0,9,12,13,14,15,16,17,18,19,20"
375,"2023-11-09 19:30:35",654ba74006d29,"0,0,3,4,1,2,7,8,5,6,9,12,13,14,15,16,17,18,19,20"
376,"2023-11-09 19:30:35",654ba74006d29,"3,4,0,0,1,2,7,8,5,6,9,12,13,14,15,16,17,18,19,20"
377,"2023-11-09 19:30:35",654ba74006d29,"3,4,7,8,1,2,0,0,5,6,9,12,13,14,15,16,17,18,19,20"
378,"2023-11-09 19:30:35",654ba74006d29,"3,4,7,8,1,2,9,0,5,6,0,12,13,14,15,16,17,18,19,20"
379,"2023-11-09 19:30:35",654ba74006d29,"3,4,7,8,1,2,0,9,5,6,0,12,13,14,15,16,17,18,19,20"
380,"2023-11-09 19:30:35",654bb188e2958,"1,2,3,4,5,6,7,8,9,0,0,12,13,14,15,16,17,18,19,20"
381,"2023-11-09 19:30:35",654bb48ead742,"1,2,3,4,5,6,7,8,9,0,0,12,13,14,15,16,17,18,19,20"
382,"2023-11-09 19:30:35",654bb506dba84,"1,2,3,4,5,6,7,8,9,0,0,12,13,14,15,16,17,18,19,20"
383,"2023-11-09 19:30:35",654bb5d87e408,"1,2,3,4,5,6,7,8,9,0,0,12,13,14,15,16,17,18,19,20"
384,"2023-11-09 19:30:35",654bb61c93ecd,"1,2,3,4,5,6,7,8,9,0,0,12,13,14,15,16,17,18,19,20"
385,"2023-11-09 19:30:35",654bb6d2b09fd,"1,2,3,4,5,6,7,8,9,0,0,12,13,14,15,16,17,18,19,20"
386,"2023-11-09 19:30:35",654bb7cf577a9,"1,2,3,4,5,6,7,8,9,0,0,12,13,14,15,16,17,18,19,20"
387,"2023-11-09 19:30:35",654bb809bc713,"1,2,3,4,5,6,7,8,9,0,0,12,13,14,15,16,17,18,19,20"
388,"2023-11-09 19:30:35",654bb86fe97eb,"1,2,3,4,5,6,7,8,9,0,0,12,13,14,15,16,17,18,19,20"
389,"2023-11-09 19:30:35",654bb906976ee,"1,2,3,4,5,6,7,8,9,0,0,12,13,14,15,16,17,18,19,20"
390,"2023-11-09 19:30:35",654bb92622516,"1,2,3,4,5,6,7,8,9,0,0,12,13,14,15,16,17,18,19,20"
391,"2023-11-09 19:30:35",654bb96214d64,"1,2,3,4,5,6,7,8,9,0,0,12,13,14,15,16,17,18,19,20"
392,"2023-11-09 19:30:35",654bb98a41ab0,"1,2,3,4,5,6,7,8,9,0,0,12,13,14,15,16,17,18,19,20"
393,"2023-11-09 19:30:35",654bb9a722540,"1,2,3,4,5,6,7,8,9,0,0,12,13,14,15,16,17,18,19,20"
394,"2023-11-09 19:30:35",654bb9da12ee4,"1,2,3,4,5,6,7,8,9,0,0,12,13,14,15,16,17,18,19,20"
395,"2023-11-09 19:30:35",654bbaab8d03d,"1,2,3,4,5,6,7,8,9,0,0,12,13,14,15,16,17,18,19,20"
396,"2023-11-09 19:30:35",654bbac8044e1,"1,2,3,4,5,6,7,8,9,0,0,12,13,14,15,16,17,18,19,20"
397,"2023-11-09 19:30:35",654bc140bbef8,"1,2,3,4,5,6,7,8,9,0,0,12,13,14,15,16,17,18,19,20"
398,"2023-11-09 19:30:35",654bc195839a7,"1,2,3,4,5,6,7,8,9,0,0,12,13,14,15,16,17,18,19,20"
399,"2023-11-09 19:30:35",654bc41115a8e,"1,2,3,4,5,6,7,8,9,0,0,12,13,14,15,16,17,18,19,20"
400,"2023-11-09 19:30:35",654bc4bd2e94c,"1,2,3,4,5,6,7,8,9,0,0,12,13,14,15,16,17,18,19,20"
401,"2023-11-09 19:30:35",654bc609d2994,"1,2,3,4,5,6,7,8,9,0,0,12,13,14,15,16,17,18,19,20"
402,"2023-11-09 19:30:35",654bc650ede64,"1,2,3,4,5,6,7,8,9,0,0,12,13,14,15,16,17,18,19,20"
403,"2023-11-09 19:30:35",654bc68fcd6df,"1,2,3,4,5,6,7,8,9,0,0,12,13,14,15,16,17,18,19,20"
404,"2023-11-09 19:30:35",654bc77f51019,"1,2,3,4,5,6,7,8,9,0,0,12,13,14,15,16,17,18,19,20"
405,"2023-11-09 19:30:35",654bc7db5bd88,"1,2,3,4,5,6,7,8,9,0,0,12,13,14,15,16,17,18,19,20"
406,"2023-11-09 19:30:35",654bc8004ed35,"1,2,3,4,5,6,7,8,9,0,0,12,13,14,15,16,17,18,19,20"
407,"2023-11-09 19:30:35",654bc823b2827,"1,2,3,4,5,6,7,8,9,0,0,12,13,14,15,16,17,18,19,20"
408,"2023-11-09 19:30:35",,"1,2,3,4,5,6,7,8,9,0,0,12,13,14,15,16,17,18,19,20"
409,"2023-11-09 19:30:35",654bc8e1b1e31,"1,2,3,4,5,6,7,8,9,0,0,12,13,14,15,16,17,18,19,20"
410,"2023-11-09 19:30:35",654bc8fccb751,"1,2,3,4,5,6,7,8,9,0,0,12,13,14,15,16,17,18,19,20"
411,"2023-11-09 19:30:35",654bc91946fa0,"1,2,3,4,5,6,7,8,9,0,0,12,13,14,15,16,17,18,19,20"
412,"2023-11-09 19:30:35",654bc93a65a58,"1,2,3,4,5,6,7,8,9,0,0,12,13,14,15,16,17,18,19,20"
413,"2023-11-09 19:30:35",654bc98077452,"1,2,3,4,5,6,7,8,9,0,0,12,13,14,15,16,17,18,19,20"
414,"2023-11-09 19:30:35",654bca783109b,"1,2,3,4,5,6,7,8,9,0,0,12,13,14,15,16,17,18,19,20"
415,"2023-11-09 19:30:35",654bcb5a334d8,"1,2,3,4,5,6,7,8,9,0,0,12,13,14,15,16,17,18,19,20"
416,"2023-11-09 19:30:35",654bcb5a334d8,"1,2,3,4,5,6,7,8,9,0,12,0,13,14,15,16,17,18,19,20"
417,"2023-11-09 19:30:35",654bcb5a334d8,"1,2,3,4,5,6,7,8,0,9,12,0,13,14,15,16,17,18,19,20"
418,"2023-11-09 19:30:35",654bcb5a334d8,"1,2,3,4,5,6,7,8,0,9,0,12,13,14,15,16,17,18,19,20"
419,"2023-11-09 19:30:35",654bcb5a334d8,"1,2,3,4,5,6,7,8,0,0,9,12,13,14,15,16,17,18,19,20"
420,"2023-11-09 19:30:35",654bcb5a334d8,"0,0,3,4,1,2,7,8,5,6,9,12,13,14,15,16,17,18,19,20"
421,"2023-11-09 19:30:35",654bcb5a334d8,"3,4,0,0,1,2,7,8,5,6,9,12,13,14,15,16,17,18,19,20"
422,"2023-11-09 19:30:35",654bcb5a334d8,"3,4,7,8,1,2,0,0,5,6,9,12,13,14,15,16,17,18,19,20"
423,"2023-11-09 19:30:35",654bcb5a334d8,"3,4,7,8,1,2,9,0,5,6,0,12,13,14,15,16,17,18,19,20"
424,"2023-11-09 19:30:35",654bcb5a334d8,"3,4,7,8,1,2,0,9,5,6,0,12,13,14,15,16,17,18,19,20"
425,"2023-11-09 19:30:35",654bcb5a334d8,"3,4,7,8,0,1,2,9,0,5,6,12,13,14,15,16,17,18,19,20"
426,"2023-11-09 19:30:35",654bcb5a334d8,"3,4,7,8,13,1,2,9,17,5,6,12,0,14,15,16,0,18,19,20"
427,"2023-11-09 19:30:35",654bcb5a334d8,"3,4,7,8,13,1,2,9,17,5,6,12,14,0,15,16,18,0,19,20"
428,"2023-11-09 19:30:35",654bcb5a334d8,"3,4,7,8,13,1,2,9,17,5,6,12,14,15,16,0,18,0,19,20"
429,"2023-11-09 19:30:35",654bcb5a334d8,"3,4,7,8,13,1,2,9,17,5,6,12,14,15,16,0,18,19,20,0"
430,"2023-11-09 19:30:35",654bcb5a334d8,"3,4,7,8,13,1,2,9,17,5,6,0,14,15,16,12,18,19,20,0"
431,"2023-11-09 19:30:35",654bcb5a334d8,"3,4,7,8,13,1,2,9,17,5,6,0,14,15,16,0,18,19,20,12"
432,"2023-11-09 19:30:35",654bcb5a334d8,"3,4,7,8,13,1,2,0,17,5,6,9,14,15,16,0,18,19,20,12"
433,"2023-11-09 19:30:35",654bcb5a334d8,"3,4,7,8,13,1,2,0,17,5,6,0,14,15,16,9,18,19,20,12"
434,"2023-11-09 19:30:35",654bcb5a334d8,"3,4,7,8,13,0,1,2,17,0,5,6,14,15,16,9,18,19,20,12"
435,"2023-11-09 19:30:35",654cebd79c28a,"1,2,3,4,5,6,7,8,9,0,0,12,13,14,15,16,17,18,19,20"
436,"2023-11-09 19:30:35",654cecf51c64c,"1,2,3,4,5,6,7,8,9,0,0,12,13,14,15,16,17,18,19,20"
437,"2023-11-09 19:30:35",654cf03680ab4,"1,2,3,4,5,6,7,8,9,0,0,12,13,14,15,16,17,18,19,20"
438,"2023-11-09 19:30:35",654cf08a31a8d,"1,2,3,4,5,6,7,8,9,0,0,12,13,14,15,16,17,18,19,20"
439,"2023-11-09 19:30:35",654cf107bd581,"1,2,3,4,5,6,7,8,9,0,0,12,13,14,15,16,17,18,19,20"
440,"2023-11-09 19:30:35",654cf1704752a,"1,2,3,4,5,6,7,8,9,0,0,12,13,14,15,16,17,18,19,20"
441,"2023-11-09 19:30:35",654cf230b6152,"1,2,3,4,5,6,7,8,9,0,0,12,13,14,15,16,17,18,19,20"
442,"2023-11-09 19:30:35",654cf2cc83d37,"1,2,3,4,5,6,7,8,9,0,0,12,13,14,15,16,17,18,19,20"
443,"2023-11-09 19:30:35",654cf2f0e6578,"1,2,3,4,5,6,7,8,9,0,0,12,13,14,15,16,17,18,19,20"
444,"2023-11-09 19:30:35",654cf3514ff70,"1,2,3,4,5,6,7,8,9,0,0,12,13,14,15,16,17,18,19,20"
445,"2023-11-09 19:30:35",654cf3925a498,"1,2,3,4,5,6,7,8,9,0,0,12,13,14,15,16,17,18,19,20"
446,"2023-11-09 19:30:35",654cf45446563,"1,2,3,4,5,6,7,8,9,0,0,12,13,14,15,16,17,18,19,20"
447,"2023-11-09 19:30:35",654cf5e129880,"1,2,3,4,5,6,7,8,9,0,0,12,13,14,15,16,17,18,19,20"
448,"2023-11-09 19:30:35",654cf5e129880,"1,2,3,4,5,6,7,8,9,0,12,0,13,14,15,16,17,18,19,20"
449,"2023-11-09 19:30:35",654cf5e129880,"1,2,3,4,5,6,7,8,9,12,0,0,13,14,15,16,17,18,19,20"
450,"2023-11-09 19:30:35",654cf5e129880,"1,2,3,4,5,6,7,8,9,0,12,0,13,14,15,16,17,18,19,20"
451,"2023-11-09 19:30:35",654cf5e129880,"1,2,3,4,5,6,7,8,0,9,12,0,13,14,15,16,17,18,19,20"
452,"2023-11-09 19:30:35",654cf5e129880,"1,2,3,4,5,6,7,8,0,9,0,12,13,14,15,16,17,18,19,20"
453,"2023-11-09 19:30:35",654cf5e129880,"1,2,3,4,5,6,7,8,0,0,9,12,13,14,15,16,17,18,19,20"
454,"2023-11-09 19:30:35",654cf5e129880,"0,0,3,4,1,2,7,8,5,6,9,12,13,14,15,16,17,18,19,20"
455,"2023-11-09 19:30:35",654cf5e129880,"3,4,0,0,1,2,7,8,5,6,9,12,13,14,15,16,17,18,19,20"
456,"2023-11-09 19:30:35",654cf5e129880,"3,4,7,8,1,2,0,0,5,6,9,12,13,14,15,16,17,18,19,20"
457,"2023-11-09 19:30:35",654cf5e129880,"3,4,7,8,1,2,9,0,5,6,0,12,13,14,15,16,17,18,19,20"
458,"2023-11-09 19:30:35",654cf5e129880,"3,4,7,8,1,2,0,9,5,6,0,12,13,14,15,16,17,18,19,20"
459,"2023-11-09 19:30:35",654cf5e129880,"3,4,7,8,0,1,2,9,0,5,6,12,13,14,15,16,17,18,19,20"
460,"2023-11-09 19:30:35",654cf5e129880,"3,4,7,8,13,1,2,9,17,5,6,12,0,14,15,16,0,18,19,20"
461,"2023-11-09 19:30:35",654cf5e129880,"3,4,7,8,13,1,2,9,17,5,6,12,14,0,15,16,18,0,19,20"
462,"2023-11-09 19:30:35",654cf5e129880,"3,4,7,8,13,1,2,9,17,5,6,12,14,15,16,0,18,0,19,20"
463,"2023-11-09 19:30:35",654cf5e129880,"3,4,7,8,13,1,2,9,17,5,6,12,14,15,16,0,18,19,20,0"
464,"2023-11-09 19:30:35",654cfabfc1818,"1,2,3,4,5,6,7,8,9,0,0,12,13,14,15,16,17,18,19,20"
465,"2023-11-09 19:30:35",654cfabfc1818,"1,2,3,4,5,6,7,8,9,0,12,0,13,14,15,16,17,18,19,20"
466,"2023-11-09 19:30:35",654cfabfc1818,"1,2,3,4,5,6,7,8,9,12,0,0,13,14,15,16,17,18,19,20"
467,"2023-11-09 19:30:35",654cfabfc1818,"1,2,3,4,5,6,0,0,9,12,7,8,13,14,15,16,17,18,19,20"
468,"2023-11-09 19:30:35",654cfabfc1818,"1,2,0,0,5,6,3,4,9,12,7,8,13,14,15,16,17,18,19,20"
469,"2023-11-09 19:30:35",654cfabfc1818,"1,2,3,4,5,6,0,0,9,12,7,8,13,14,15,16,17,18,19,20"
470,"2023-11-09 19:30:35",654cfabfc1818,"1,2,3,4,5,6,7,8,9,12,0,0,13,14,15,16,17,18,19,20"
471,"2023-11-09 19:30:35",654cfabfc1818,"1,2,3,4,5,6,7,8,9,0,12,0,13,14,15,16,17,18,19,20"
472,"2023-11-09 19:30:35",654cfabfc1818,"1,2,3,4,5,6,7,8,9,0,0,12,13,14,15,16,17,18,19,20"
473,"2023-11-09 19:30:35",654cfabfc1818,"1,2,3,4,5,6,7,8,0,9,0,12,13,14,15,16,17,18,19,20"
474,"2023-11-09 19:30:35",654cfabfc1818,"1,2,3,4,5,6,7,8,0,0,9,12,13,14,15,16,17,18,19,20"
475,"2023-11-09 19:30:35",654cfabfc1818,"0,0,3,4,1,2,7,8,5,6,9,12,13,14,15,16,17,18,19,20"
476,"2023-11-09 19:30:35",654cfabfc1818,"3,4,0,0,1,2,7,8,5,6,9,12,13,14,15,16,17,18,19,20"
477,"2023-11-09 19:30:35",654cfabfc1818,"3,4,7,8,1,2,0,0,5,6,9,12,13,14,15,16,17,18,19,20"
478,"2023-11-09 19:30:35",654cfabfc1818,"3,4,7,8,1,2,9,0,5,6,0,12,13,14,15,16,17,18,19,20"
479,"2023-11-09 19:30:35",654cfabfc1818,"3,4,7,8,1,2,0,9,5,6,0,12,13,14,15,16,17,18,19,20"
480,"2023-11-09 19:30:35",654d0cdd38291,"1,2,3,4,5,6,7,8,9,0,0,12,13,14,15,16,17,18,19,20"
481,"2023-11-09 19:30:35",654d0cdd38291,"1,2,3,4,5,6,7,8,9,0,12,0,13,14,15,16,17,18,19,20"
482,"2023-11-09 19:30:35",654d0cdd38291,"1,2,3,4,5,6,7,8,9,12,0,0,13,14,15,16,17,18,19,20"
483,"2023-11-09 19:30:35",654d0cdd38291,"1,2,3,4,5,6,0,0,9,12,7,8,13,14,15,16,17,18,19,20"
484,"2023-11-09 19:30:35",654d0cdd38291,"1,2,0,0,5,6,3,4,9,12,7,8,13,14,15,16,17,18,19,20"
485,"2023-11-09 19:30:35",654d0cdd38291,"1,2,3,4,5,6,0,0,9,12,7,8,13,14,15,16,17,18,19,20"
486,"2023-11-09 19:30:35",654d0cdd38291,"1,2,3,4,5,6,7,8,9,12,0,0,13,14,15,16,17,18,19,20"
487,"2023-11-09 19:30:35",654d0cdd38291,"1,2,3,4,5,6,7,8,9,0,12,0,13,14,15,16,17,18,19,20"
488,"2023-11-09 19:30:35",654d0cdd38291,"1,2,3,4,5,6,7,8,9,0,0,12,13,14,15,16,17,18,19,20"
489,"2023-11-09 19:30:35",654d0cdd38291,"1,2,3,4,5,6,7,8,0,9,0,12,13,14,15,16,17,18,19,20"
490,"2023-11-09 19:30:35",654d0cdd38291,"1,2,3,4,5,6,7,8,0,0,9,12,13,14,15,16,17,18,19,20"
491,"2023-11-09 19:30:35",654d0cdd38291,"0,0,3,4,1,2,7,8,5,6,9,12,13,14,15,16,17,18,19,20"
492,"2023-11-09 19:30:35",654d0cdd38291,"3,4,0,0,1,2,7,8,5,6,9,12,13,14,15,16,17,18,19,20"
493,"2023-11-09 19:30:35",654d0cdd38291,"3,4,7,8,1,2,0,0,5,6,9,12,13,14,15,16,17,18,19,20"
494,"2023-11-09 19:30:35",654d0cdd38291,"3,4,7,8,1,2,9,0,5,6,0,12,13,14,15,16,17,18,19,20"
495,"2023-11-09 19:30:35",654d0cdd38291,"3,4,7,8,1,2,0,9,5,6,0,12,13,14,15,16,17,18,19,20"
496,"2023-11-09 19:30:35",654d0cdd38291,"3,4,7,8,0,1,2,9,0,5,6,12,13,14,15,16,17,18,19,20"
497,"2023-11-09 19:30:35",654d0cdd38291,"3,4,7,8,13,1,2,9,17,5,6,12,0,14,15,16,0,18,19,20"
498,"2023-11-09 19:30:35",654d0cdd38291,"3,4,7,8,13,1,2,9,17,5,6,12,14,0,15,16,18,0,19,20"
499,"2023-11-09 19:30:35",654d0cdd38291,"3,4,7,8,13,1,2,9,17,5,6,12,14,15,16,0,18,0,19,20"
500,"2023-11-09 19:30:35",654d0cdd38291,"3,4,7,8,13,1,2,9,17,5,6,12,14,15,16,0,18,19,20,0"
501,"2023-11-09 19:30:35",654d0cdd38291,"3,4,7,8,13,1,2,9,17,5,6,0,14,15,16,12,18,19,20,0"
502,"2023-11-09 19:30:35",654d0cdd38291,"3,4,7,8,13,1,2,9,17,5,6,0,14,15,16,0,18,19,20,12"
503,"2023-11-09 19:30:35",654d0cdd38291,"3,4,7,8,13,1,2,0,17,5,6,9,14,15,16,0,18,19,20,12"
504,"2023-11-09 19:30:35",654d0cdd38291,"3,4,7,8,13,1,2,0,17,5,6,0,14,15,16,9,18,19,20,12"
505,"2023-11-09 19:30:35",654d0cdd38291,"3,4,7,8,13,0,1,2,17,0,5,6,14,15,16,9,18,19,20,12"
506,"2023-11-09 19:30:35",654d0cdd38291,"3,4,7,8,0,13,1,2,0,17,5,6,14,15,16,9,18,19,20,12"
507,"2023-11-09 19:30:35",654d0cdd38291,"3,4,7,8,14,13,1,2,18,17,5,6,0,15,16,9,0,19,20,12"
508,"2023-11-09 19:30:35",654d0cdd38291,"3,4,7,8,14,13,1,2,18,17,5,6,15,16,0,9,0,19,20,12"
509,"2023-11-09 19:30:35",654d0cdd38291,"3,4,7,8,14,13,1,2,18,17,5,6,15,16,9,0,0,19,20,12"
510,"2023-11-09 19:30:35",654d0cdd38291,"3,4,7,8,14,13,1,2,18,17,5,6,15,16,9,12,0,19,20,0"
511,"2023-11-09 19:30:35",654d0cdd38291,"3,4,7,8,14,13,1,2,18,17,5,6,15,16,9,12,0,0,19,20"
512,"2023-11-09 19:30:35",654d0cdd38291,"3,4,7,8,14,13,1,2,18,17,5,6,0,0,9,12,15,16,19,20"
513,"2023-11-09 19:30:35",654d0cdd38291,"3,4,7,8,0,13,1,2,14,17,5,6,18,0,9,12,15,16,19,20"
514,"2023-11-09 19:30:35",654d0cdd38291,"3,4,7,8,0,0,1,2,14,13,5,6,18,17,9,12,15,16,19,20"
515,"2023-11-09 19:30:35",654d0cdd38291,"0,0,7,8,3,4,1,2,14,13,5,6,18,17,9,12,15,16,19,20"
516,"2023-11-09 19:30:35",654d0cdd38291,"7,8,0,0,3,4,1,2,14,13,5,6,18,17,9,12,15,16,19,20"
517,"2023-11-09 19:30:35",654d0cdd38291,"7,8,1,2,3,4,5,6,14,13,0,0,18,17,9,12,15,16,19,20"
518,"2023-11-09 19:30:35",654d0cdd38291,"7,8,1,2,3,4,5,6,14,13,9,0,18,17,0,12,15,16,19,20"
519,"2023-11-09 19:30:35",654d0cdd38291,"7,8,1,2,3,4,5,6,14,13,0,9,18,17,0,12,15,16,19,20"
520,"2023-11-09 19:30:35",654d0cdd38291,"7,8,1,2,3,4,5,6,14,0,13,9,18,0,17,12,15,16,19,20"
521,"2023-11-09 19:30:35",654d0cdd38291,"7,8,1,2,3,4,5,6,0,14,13,9,0,18,17,12,15,16,19,20"
522,"2023-11-09 19:30:35",654d12973de30,"1,2,3,4,5,6,7,8,9,0,0,12,13,14,15,16,17,18,19,20"
523,"2023-11-09 19:30:35",654d12973de30,"1,2,3,4,5,6,7,8,9,0,12,0,13,14,15,16,17,18,19,20"
524,"2023-11-09 19:30:35",654d12973de30,"1,2,3,4,5,6,7,8,9,12,0,0,13,14,15,16,17,18,19,20"
525,"2023-11-09 19:30:35",654d12973de30,"1,2,3,4,5,6,0,0,9,12,7,8,13,14,15,16,17,18,19,20"
526,"2023-11-09 19:30:35",654d12973de30,"1,2,0,0,5,6,3,4,9,12,7,8,13,14,15,16,17,18,19,20"
527,"2023-11-09 19:30:35",654d12973de30,"1,2,3,4,5,6,0,0,9,12,7,8,13,14,15,16,17,18,19,20"
528,"2023-11-09 19:30:35",654d12973de30,"1,2,3,4,5,6,7,8,9,12,0,0,13,14,15,16,17,18,19,20"
529,"2023-11-09 19:30:35",654d12973de30,"1,2,3,4,5,6,7,8,9,0,12,0,13,14,15,16,17,18,19,20"
530,"2023-11-09 19:30:35",654d12973de30,"1,2,3,4,5,6,7,8,9,0,0,12,13,14,15,16,17,18,19,20"
531,"2023-11-09 19:30:35",654d12973de30,"1,2,3,4,5,6,7,8,0,9,0,12,13,14,15,16,17,18,19,20"
532,"2023-11-09 19:30:35",654d12973de30,"1,2,3,4,5,6,7,8,0,0,9,12,13,14,15,16,17,18,19,20"
533,"2023-11-09 19:30:35",654d12973de30,"1,2,3,4,5,6,7,8,9,0,0,12,13,14,15,16,17,18,19,20"
534,"2023-11-09 19:30:35",654d2a0e6c085,"1,2,3,4,5,6,7,8,9,0,0,12,13,14,15,16,17,18,19,20"
535,"2023-11-09 19:30:35",654d2a0e6c085,"1,2,3,4,5,6,7,8,9,0,12,0,13,14,15,16,17,18,19,20"
536,"2023-11-09 19:30:35",654d2a0e6c085,"1,2,3,4,5,6,7,8,9,12,0,0,13,14,15,16,17,18,19,20"
537,"2023-11-09 19:30:35",654d2a0e6c085,"1,2,3,4,5,6,0,0,9,12,7,8,13,14,15,16,17,18,19,20"
538,"2023-11-09 19:30:35",654d2a0e6c085,"1,2,0,0,5,6,3,4,9,12,7,8,13,14,15,16,17,18,19,20"
539,"2023-11-09 19:30:35",654d2a5f92892,"1,2,3,4,5,6,7,8,9,0,0,12,13,14,15,16,17,18,19,20"
540,"2023-11-09 19:30:35",654d2ab4dfa54,"1,2,3,4,5,6,7,8,9,0,0,12,13,14,15,16,17,18,19,20"
541,"2023-11-09 19:30:35",654d2b04a3d1b,"1,2,3,4,5,6,7,8,9,0,0,12,13,14,15,16,17,18,19,20"
542,"2023-11-09 19:30:35",654d2bfe65a96,"1,2,3,4,5,6,7,8,9,0,0,12,13,14,15,16,17,18,19,20"
543,"2023-11-09 19:30:35",654d2bfe65a96,"1,2,3,4,5,6,7,8,9,0,12,0,13,14,15,16,17,18,19,20"
544,"2023-11-09 19:30:35",654d2bfe65a96,"1,2,3,4,5,6,7,8,9,12,0,0,13,14,15,16,17,18,19,20"
545,"2023-11-09 19:30:35",654d2bfe65a96,"1,2,3,4,5,6,0,0,9,12,7,8,13,14,15,16,17,18,19,20"
546,"2023-11-09 19:30:35",654d2bfe65a96,"1,2,0,0,5,6,3,4,9,12,7,8,13,14,15,16,17,18,19,20"
547,"2023-11-09 19:30:35",654d2d7b8dfd3,
548,"2023-11-09 19:30:35",654d2d7b8dfd3,
549,"2023-11-09 19:30:35",654d2d7b8dfd3,
550,"2023-11-09 19:30:35",654d2de848726,
551,"2023-11-09 19:31:10",654d3378182d0,"1,2,3,4,5,6,7,8,9,0,0,12,13,14,15,16,17,18,19,20"
552,"2023-11-09 19:31:11",654d3378182d0,"1,2,3,4,5,6,7,8,9,0,12,0,13,14,15,16,17,18,19,20"
553,"2023-11-09 19:31:12",654d3378182d0,"1,2,3,4,5,6,7,8,9,12,0,0,13,14,15,16,17,18,19,20"
554,"2023-11-09 19:31:13",654d3378182d0,"1,2,3,4,5,6,0,0,9,12,7,8,13,14,15,16,17,18,19,20"
555,"2023-11-09 19:31:14",654d3378182d0,"1,2,0,0,5,6,3,4,9,12,7,8,13,14,15,16,17,18,19,20"
556,"2023-11-09 19:31:15",654d3378182d0,"1,2,3,4,5,6,0,0,9,12,7,8,13,14,15,16,17,18,19,20"
557,"2023-11-09 19:31:16",654d3378182d0,"1,2,3,4,5,6,7,8,9,12,0,0,13,14,15,16,17,18,19,20"
558,"2023-11-09 19:31:17",654d3378182d0,"1,2,3,4,5,6,7,8,9,0,12,0,13,14,15,16,17,18,19,20"
559,"2023-11-09 19:31:18",654d3378182d0,"1,2,3,4,5,6,7,8,9,0,0,12,13,14,15,16,17,18,19,20"
560,"2023-11-09 19:31:18",654d3378182d0,"1,2,3,4,5,6,7,8,0,9,0,12,13,14,15,16,17,18,19,20"
561,"2023-11-09 19:31:19",654d3378182d0,"1,2,3,4,5,6,7,8,0,0,9,12,13,14,15,16,17,18,19,20"
562,"2023-11-09 19:33:19",654d33f984107,"1,2,3,4,5,6,7,8,9,0,0,12,13,14,15,16,17,18,19,20"
563,"2023-11-09 19:33:28",654d33f984107,"1,2,3,4,5,6,7,8,9,0,12,0,13,14,15,16,17,18,19,20"
564,"2023-11-09 19:33:32",654d33f984107,"1,2,3,4,5,6,7,8,9,12,0,0,13,14,15,16,17,18,19,20"
565,"2023-11-09 19:33:39",654d33f984107,"1,2,3,4,5,6,7,8,9,0,12,0,13,14,15,16,17,18,19,20"
566,"2023-11-09 19:33:41",654d33f984107,"1,2,3,4,5,6,7,8,9,0,0,12,13,14,15,16,17,18,19,20"
567,"2023-11-09 19:33:42",654d33f984107,"1,2,3,4,5,6,7,8,0,9,0,12,13,14,15,16,17,18,19,20"
568,"2023-11-09 19:33:44",654d33f984107,"1,2,3,4,5,6,7,8,0,0,9,12,13,14,15,16,17,18,19,20"
569,"2023-11-09 19:33:50",654d33f984107,"0,0,3,4,1,2,7,8,5,6,9,12,13,14,15,16,17,18,19,20"
570,"2023-11-09 19:33:54",654d33f984107,"3,4,0,0,1,2,7,8,5,6,9,12,13,14,15,16,17,18,19,20"
571,"2023-11-09 19:33:56",654d33f984107,"3,4,7,8,1,2,0,0,5,6,9,12,13,14,15,16,17,18,19,20"
572,"2023-11-09 19:33:58",654d33f984107,"3,4,7,8,1,2,9,0,5,6,0,12,13,14,15,16,17,18,19,20"
573,"2023-11-09 19:34:01",654d33f984107,"3,4,7,8,1,2,0,9,5,6,0,12,13,14,15,16,17,18,19,20"
574,"2023-11-09 19:34:03",654d33f984107,"3,4,7,8,0,1,2,9,0,5,6,12,13,14,15,16,17,18,19,20"
575,"2023-11-09 19:34:20",654d33f984107,"3,4,7,8,13,1,2,9,17,5,6,12,0,14,15,16,0,18,19,20"
576,"2023-11-09 19:34:22",654d33f984107,"3,4,7,8,13,1,2,9,17,5,6,12,14,0,15,16,18,0,19,20"
577,"2023-11-09 19:34:25",654d33f984107,"3,4,7,8,13,1,2,9,17,5,6,12,14,15,16,0,18,0,19,20"
578,"2023-11-09 19:54:59",654d390cb645f,"1,2,3,4,5,6,7,8,9,0,0,12,13,14,15,16,17,18,19,20"
579,"2023-11-09 19:55:00",654d390cb645f,"1,2,3,4,5,6,7,8,9,0,12,0,13,14,15,16,17,18,19,20"
580,"2023-11-09 19:55:01",654d390cb645f,"1,2,3,4,5,6,7,8,9,12,0,0,13,14,15,16,17,18,19,20"
581,"2023-11-09 19:55:02",654d390cb645f,"1,2,3,4,5,6,0,0,9,12,7,8,13,14,15,16,17,18,19,20"
582,"2023-11-09 19:55:04",654d390cb645f,"1,2,0,0,5,6,3,4,9,12,7,8,13,14,15,16,17,18,19,20"
583,"2023-11-09 19:58:38",654d39e949b7d,"1,2,3,4,5,6,7,8,9,0,0,12,13,14,15,16,17,18,19,20"
584,"2023-11-09 20:03:51",654d3b2206383,"1,2,3,4,5,6,7,8,9,0,0,12,13,14,15,16,17,18,19,20"
585,"2023-11-09 20:05:13",654d3b73cd046,"1,2,3,4,5,6,7,8,9,0,0,12,13,14,15,16,17,18,19,20"
586,"2023-11-09 20:09:49",654d3c876426a,"1,2,3,4,5,6,7,8,9,0,0,12,13,14,15,16,17,18,19,20"
587,"2023-11-15 14:27:16",,
588,"2023-11-15 14:27:24",,
589,"2023-11-16 14:09:29",,
590,"2023-11-16 16:53:54",6556491b52713,
591,"2023-11-16 16:53:56",,
592,"2023-11-16 16:54:37",6556491b52713,
593,"2023-11-16 16:54:45",6556491b52713,
594,"2023-11-16 16:54:55",65564959a7563,
595,"2023-11-16 16:55:34",6556498017fad,
596,"2023-11-16 17:00:12",65564a94b09f4,
597,"2023-11-16 17:00:24",65564aa15480a,"1,2,3,4,5,6,7,8,9,0,0,12,13,14,15,16,17,18,19,20"
598,"2023-11-16 17:00:37",,"1,2,3,4,5,6,7,8,9,0,0,12,13,14,15,16,17,18,19,20"
599,"2023-11-16 17:08:22",65564c809e293,
600,"2023-11-16 17:08:24",65564c809e293,
601,"2023-11-16 17:08:25",65564c809e293,
602,"2023-11-16 17:08:26",65564c809e293,
603,"2023-11-16 17:08:27",65564c809e293,
604,"2023-11-16 17:08:27",65564c809e293,
605,"2023-11-16 17:08:28",65564c809e293,
606,"2023-11-16 17:08:52",65564c9e32611,"1,2,3,4,5,6,7,8,9,0,0,12,13,14,15,16,17,18,19,20"
607,"2023-11-16 17:08:54",65564c9e32611,"1,2,3,4,5,6,7,8,0,9,0,12,13,14,15,16,17,18,19,20"
608,"2023-11-16 17:08:55",65564c9e32611,"1,2,3,4,5,6,7,8,0,0,9,12,13,14,15,16,17,18,19,20"
609,"2023-11-16 18:04:58",655659c414de2,
610,"2023-11-16 18:05:01",655659c414de2,
611,"2023-11-16 18:05:02",655659c414de2,
612,"2023-11-16 18:05:03",655659c414de2,
613,"2023-11-16 18:05:04",655659c414de2,
614,"2023-11-16 18:05:04",655659c414de2,
615,"2023-11-16 18:35:13",655660d49163f,"1,2,3,4,5,6,7,8,9,0,0,12,13,14,15,16,17,18,19,20"
616,"2023-11-16 18:35:18",655660d49163f,"1,2,3,4,5,6,7,8,0,9,0,12,13,14,15,16,17,18,19,20"
617,"2023-11-16 18:35:19",655660d49163f,"1,2,3,4,5,6,7,8,0,0,9,12,13,14,15,16,17,18,19,20"
618,"2023-11-16 18:35:21",655660d49163f,"0,0,3,4,1,2,7,8,5,6,9,12,13,14,15,16,17,18,19,20"
619,"2023-11-16 18:35:22",655660d49163f,"3,4,0,0,1,2,7,8,5,6,9,12,13,14,15,16,17,18,19,20"
620,"2023-11-16 18:35:23",655660d49163f,"3,4,7,8,1,2,0,0,5,6,9,12,13,14,15,16,17,18,19,20"
621,"2023-12-13 20:40:50",657a16c3b9a7a,"1,2,3,4,5,6,7,8,9,0,0,12,13,14,15,16,17,18,19,20"
622,"2023-12-13 20:41:16",657a16c3b9a7a,"1,2,3,4,5,6,7,8,9,0,12,0,13,14,15,16,17,18,19,20"
623,"2023-12-13 20:41:17",657a16c3b9a7a,"1,2,3,4,5,6,7,8,9,14,12,0,13,18,15,16,17,0,19,20"
624,"2023-12-13 20:41:22",657a16c3b9a7a,"1,2,3,4,5,6,7,8,9,14,12,0,13,18,15,16,17,0,19,20"
